x0,x1,x2,x3,x4,x5,x6,x7,x8,x9,x10,x11,x12,x13,x14,x15,x16,x17,x18,x19,x20,y0,y1,y2,y3,y4,y5,y6,y7,y8,y9,y10,y11,y12,y13,y14,y15,y16,y17,y18,y19,y20
183,389,232,367,279,315,267,273,228,275,263,257,275,225,261,271,254,279,226,253,239,221,230,273,223,273,191,256,199,223,199,274,195,277,152,261,164,242,168,275,165,279
185,388,235,367,282,316,268,275,228,276,264,257,276,226,262,272,254,280,227,254,240,222,232,274,224,275,192,257,201,224,202,275,196,279,154,261,167,243,171,276,167,280
187,388,236,367,282,317,269,277,229,277,264,259,277,227,264,274,255,282,228,256,241,223,234,275,225,277,193,259,203,226,204,276,197,281,155,263,169,244,174,277,168,282
187,388,236,368,283,317,269,276,229,276,264,260,277,227,264,273,255,283,229,257,242,223,234,275,226,278,194,259,203,226,205,276,198,282,157,264,171,244,175,277,170,282
188,387,236,367,283,315,272,275,233,276,265,259,280,228,265,274,255,282,230,255,245,223,236,274,227,276,195,257,206,226,206,276,199,280,159,262,173,244,177,277,171,281
190,387,238,366,284,315,272,275,233,275,267,259,280,228,267,273,257,282,232,256,246,223,237,274,229,276,198,258,207,226,208,275,201,280,161,262,174,244,178,276,173,281
192,387,240,365,285,316,274,276,236,276,268,260,280,228,267,273,259,282,233,256,246,224,238,275,230,277,199,259,209,226,209,275,203,280,163,263,176,244,180,276,174,281
194,387,242,365,286,316,275,278,238,277,270,262,282,231,269,275,261,284,236,258,248,226,240,276,233,278,202,260,211,228,211,277,206,282,166,265,178,246,182,278,177,283
196,386,242,366,287,318,277,279,240,277,271,262,283,231,269,274,261,284,237,259,249,228,241,276,234,278,204,261,212,230,213,277,207,282,168,266,180,247,185,278,180,283
197,385,243,365,288,317,278,277,241,277,271,263,283,232,270,275,261,284,237,260,250,228,242,277,234,278,205,262,214,230,214,277,208,282,169,266,183,247,186,278,180,283
198,384,245,364,289,316,279,276,242,276,272,263,286,232,272,275,263,284,239,259,253,228,245,276,236,278,206,261,217,229,217,276,210,282,171,266,184,246,189,277,183,283
200,383,246,363,290,315,280,277,243,277,273,262,287,232,274,275,265,284,240,259,254,228,246,276,237,278,208,261,218,230,218,276,211,281,173,265,187,246,191,277,184,282
203,383,249,364,293,317,284,278,247,279,277,264,290,234,277,276,269,285,244,261,257,230,249,278,241,279,212,263,222,232,221,279,215,282,177,267,191,248,194,280,187,284
204,383,250,365,294,318,285,279,249,279,278,265,291,234,277,276,269,285,245,262,258,231,250,278,242,279,213,264,223,232,223,279,216,283,179,268,192,249,195,280,189,285
303,321,349,307,400,270,405,232,370,223,382,213,408,195,391,234,379,237,356,206,382,184,367,230,355,230,328,205,352,183,345,227,333,231,296,207,321,195,319,225,307,229
354,282,394,273,442,240,446,204,415,194,433,191,456,173,436,206,425,206,408,182,433,160,416,199,405,197,381,179,403,156,393,197,383,199,351,177,373,166,369,194,359,196
290,266,329,257,371,219,364,179,330,175,364,173,376,145,360,181,353,189,338,165,347,139,336,181,333,183,311,165,318,138,314,178,311,183,282,166,292,149,291,176,288,182
287,267,328,256,366,220,359,182,326,175,358,174,371,145,356,180,349,190,332,168,343,140,332,180,327,184,306,167,315,137,310,177,307,184,277,167,288,148,288,175,284,182
284,268,325,257,363,223,354,185,324,175,354,178,366,147,352,181,345,192,329,171,339,142,328,181,325,186,303,170,311,138,307,177,304,186,275,170,284,150,284,176,281,184
282,269,322,258,359,223,351,185,321,176,350,178,362,148,348,182,342,192,326,172,336,143,325,181,322,185,301,171,308,140,304,178,301,186,273,171,281,151,280,177,278,185
283,269,321,258,358,223,350,186,320,176,350,178,361,148,347,182,340,192,325,171,336,143,325,181,321,185,300,170,308,140,303,178,301,186,272,170,281,152,280,178,278,185
280,268,319,257,356,221,349,183,319,176,348,176,360,148,346,182,341,192,324,170,333,143,323,181,319,185,299,169,305,140,301,178,299,186,270,169,279,151,278,177,276,184
279,265,316,255,353,218,346,181,314,174,346,173,357,145,343,179,337,189,321,167,329,140,320,178,317,182,296,166,301,137,298,176,296,182,268,167,275,149,276,175,273,182
275,264,314,253,349,217,340,180,309,172,341,172,351,143,338,177,332,187,316,166,324,138,315,176,312,181,290,165,295,136,293,174,291,182,262,166,270,148,271,174,269,181
272,267,312,254,347,220,338,184,308,174,337,176,348,145,335,179,329,189,312,170,321,141,312,179,307,185,286,170,292,138,290,176,287,185,258,171,266,152,267,177,265,185
272,268,311,254,346,219,336,182,305,174,336,175,347,145,333,180,327,189,311,169,320,141,310,179,306,183,286,168,292,139,288,177,286,184,258,169,266,152,266,178,264,185
272,267,310,255,346,218,337,181,306,172,336,173,346,144,334,179,327,188,311,167,320,138,311,178,307,183,285,167,291,137,289,177,286,186,257,169,265,151,266,178,264,186
272,266,311,255,346,218,337,180,305,172,336,172,346,143,333,178,327,188,311,166,320,137,312,177,307,183,285,166,290,135,289,176,286,185,256,168,264,150,266,177,264,185
272,267,311,255,347,217,338,180,306,173,337,172,347,144,334,179,329,188,312,166,321,137,312,177,308,183,286,166,291,136,289,176,286,186,256,167,264,150,266,177,264,185
273,268,312,256,348,218,338,181,305,176,338,174,349,146,336,180,330,189,313,168,322,140,314,178,309,184,287,168,293,137,291,177,287,186,258,169,266,151,268,178,265,186
274,269,313,258,349,220,339,181,307,177,340,176,351,147,338,181,332,191,314,170,324,141,316,179,311,184,288,169,295,139,293,178,289,186,259,171,268,152,269,178,266,186
274,269,314,259,353,219,344,180,311,176,343,174,354,147,341,181,334,190,317,169,327,140,318,180,313,183,290,168,297,138,295,178,291,186,260,170,270,152,272,179,268,186
275,270,316,260,353,220,343,181,311,178,344,174,356,147,343,182,336,190,318,168,328,140,320,180,314,183,291,168,298,138,296,178,292,185,261,169,271,152,272,179,269,186
276,271,317,261,354,223,344,184,312,178,345,176,355,148,342,183,336,192,319,170,328,142,320,182,315,186,292,170,298,139,296,180,293,188,262,171,271,153,272,180,270,188
277,271,317,262,354,223,345,184,313,179,344,177,356,148,343,184,337,193,318,171,328,142,320,183,315,186,292,171,299,140,297,181,293,189,262,172,272,153,273,181,270,188
277,271,317,262,354,223,346,184,313,179,344,177,356,148,343,184,337,193,318,171,328,142,320,183,315,186,292,171,299,140,297,181,293,189,262,172,272,153,273,181,270,188
277,271,316,262,354,223,346,183,313,178,344,177,355,148,343,183,337,193,318,171,328,142,320,182,315,187,292,170,298,139,297,180,293,189,262,172,272,153,273,181,270,188
276,271,316,262,354,223,346,183,312,178,344,176,355,148,343,183,337,193,318,171,328,142,320,182,315,187,292,170,298,139,297,180,293,189,262,171,271,153,273,181,270,189
276,271,317,262,355,223,345,183,311,178,344,177,354,148,342,183,336,193,318,171,327,141,320,182,315,188,291,171,297,139,296,181,292,191,261,172,271,153,273,181,270,190
276,271,317,262,355,223,345,183,311,179,344,177,354,147,342,183,336,193,318,171,327,141,319,182,315,188,291,171,297,139,296,181,293,191,261,172,270,153,272,181,269,190
275,269,314,260,351,221,343,182,310,174,342,172,352,143,340,179,334,188,316,166,324,137,317,179,313,185,289,166,294,136,294,179,291,188,259,169,267,148,270,177,268,186
273,265,314,256,351,217,342,177,309,169,341,169,351,139,339,175,333,185,315,163,323,133,316,176,311,182,288,163,293,131,293,175,290,186,258,166,266,145,269,175,267,185
272,263,313,254,350,215,342,175,310,166,340,167,351,136,338,172,332,183,314,161,323,130,316,173,310,180,287,161,293,129,292,172,288,184,257,163,266,142,269,171,266,182
272,261,313,253,351,212,342,172,308,164,339,165,350,135,338,170,331,182,313,159,323,128,315,170,310,178,287,158,292,126,292,169,288,182,257,160,266,140,269,169,266,180
272,257,312,248,350,209,342,169,309,160,339,162,350,131,338,168,332,178,314,155,323,125,316,168,311,174,287,155,293,123,293,167,288,178,257,158,266,138,269,167,265,177
421,293,459,282,503,250,506,216,477,206,489,203,513,184,497,216,486,217,466,196,490,175,476,214,465,212,441,195,462,171,455,211,444,213,413,195,435,181,432,208,422,212
448,287,488,277,534,247,544,213,517,200,522,201,547,182,531,214,520,215,500,193,525,172,510,211,499,209,475,190,498,167,490,207,478,209,447,188,472,175,468,203,457,206
448,287,488,277,534,247,543,212,515,199,523,202,547,182,530,215,521,215,501,194,525,172,510,211,500,209,476,191,499,167,490,207,479,209,448,188,472,175,468,203,457,206
450,284,490,276,536,248,545,213,517,198,525,202,550,181,532,214,521,216,503,193,528,170,512,209,501,209,479,189,502,165,492,206,480,209,450,186,474,173,470,202,459,206
451,284,491,276,537,247,544,212,515,199,526,202,548,182,531,214,521,216,503,193,527,170,512,209,501,209,479,189,500,164,491,205,480,208,450,187,473,174,469,202,458,205
452,284,491,276,538,247,545,211,515,199,527,200,550,181,532,214,521,215,504,191,528,170,513,209,501,209,479,188,502,163,492,205,480,208,450,185,474,173,469,202,458,205
452,283,492,276,538,246,544,210,515,198,527,201,550,180,533,213,523,216,504,193,529,169,513,209,502,209,479,189,502,164,493,205,481,209,450,186,474,173,470,202,458,205
451,284,492,276,538,246,544,210,514,199,527,202,549,182,532,214,522,216,504,194,528,170,513,209,502,210,479,190,501,164,493,205,481,209,451,187,474,174,470,201,459,205
452,284,493,276,538,246,545,211,516,198,527,201,550,182,532,214,522,216,505,192,529,170,514,209,502,209,480,189,502,163,494,204,482,208,451,186,474,173,470,201,460,205
452,284,493,275,538,246,545,211,516,198,527,201,550,182,533,214,523,215,504,192,529,170,514,209,502,209,480,189,503,163,494,204,482,208,451,186,475,173,471,201,459,205
454,282,493,274,538,246,546,211,519,196,528,200,552,180,534,213,523,215,506,192,530,169,515,209,503,208,481,188,504,163,495,204,483,207,453,184,476,172,472,201,461,204
455,283,495,274,540,245,547,210,519,197,527,199,552,179,535,212,524,215,505,191,531,168,516,209,504,209,481,188,505,163,496,204,483,208,452,185,477,172,473,200,461,205
455,284,496,274,541,244,549,211,522,198,530,199,555,180,537,213,527,213,507,191,533,170,517,209,506,206,482,188,505,164,497,204,485,207,454,185,478,173,474,201,463,205
455,284,495,274,541,244,549,211,523,197,531,199,555,180,537,213,527,213,508,192,533,170,517,209,507,206,483,188,506,164,497,205,486,207,454,186,478,173,474,201,464,205
455,285,495,274,541,244,549,211,522,198,531,198,555,180,537,213,527,213,508,191,533,170,517,209,507,206,483,188,506,164,497,205,486,207,454,185,479,173,475,201,464,205
455,284,495,275,542,245,549,211,523,197,532,199,556,180,539,213,529,213,509,191,534,169,519,209,508,207,484,188,507,164,498,204,487,206,455,185,479,172,475,201,464,204
455,285,495,275,542,246,550,211,522,198,532,198,556,181,538,214,528,214,509,191,533,169,517,208,508,206,483,187,506,163,497,204,486,206,454,185,479,173,474,201,464,204
455,285,495,275,543,245,549,210,520,198,532,198,556,180,538,213,528,213,508,191,533,169,518,209,507,207,483,187,506,164,497,205,486,206,454,185,479,172,474,201,464,204
456,286,496,275,541,246,548,212,522,200,530,200,554,182,537,215,527,215,507,193,531,171,517,211,506,209,482,190,505,165,497,206,485,208,453,187,478,174,474,202,463,205
456,285,496,276,542,246,548,211,521,199,531,200,555,181,537,214,527,215,508,192,532,171,517,211,507,208,483,189,505,165,496,206,485,208,454,186,478,174,474,202,462,206
455,286,496,275,541,244,547,211,518,200,529,196,552,181,535,214,525,213,505,189,530,170,516,209,505,207,479,187,502,163,495,205,483,208,450,186,474,175,472,202,460,205
454,284,493,274,539,244,545,209,515,197,529,197,551,180,534,213,525,213,505,190,529,169,515,208,504,207,480,187,501,164,493,205,483,208,450,186,474,174,471,202,460,205
452,286,492,274,536,245,542,211,514,199,528,198,549,181,532,214,522,213,503,190,527,169,512,208,503,206,477,188,498,164,491,204,481,206,448,187,470,175,468,201,457,204
452,287,490,274,534,244,539,212,510,202,523,197,545,182,528,214,518,212,498,190,523,171,509,209,499,205,473,188,495,165,489,205,478,206,445,187,467,176,465,203,454,205
449,286,487,275,531,245,536,212,508,200,518,195,543,180,526,212,515,211,495,188,521,171,507,209,496,205,471,187,493,166,486,206,474,206,443,187,466,176,463,203,452,206
446,285,484,273,529,244,535,211,507,199,516,193,541,180,524,212,513,210,493,187,519,170,504,209,493,204,468,185,490,166,483,205,472,205,440,185,463,175,460,202,450,204
443,285,482,273,526,243,532,211,504,199,514,194,539,181,521,212,510,209,490,187,517,169,501,208,490,203,465,185,488,165,480,204,468,204,437,184,460,174,457,201,446,203
441,285,479,273,523,244,528,211,501,199,511,195,534,179,518,212,507,211,488,188,512,169,498,208,488,205,463,186,484,164,476,204,466,205,434,185,455,174,452,201,443,204
438,287,476,275,518,243,522,211,494,201,507,197,529,180,514,212,503,213,484,190,508,169,494,207,483,207,460,188,480,165,473,204,462,207,430,188,451,176,449,202,439,205
430,289,469,278,513,246,518,212,490,202,500,197,525,181,508,212,496,212,477,190,503,170,488,208,476,205,453,188,475,166,467,205,455,206,424,188,447,176,444,203,433,205
426,288,465,279,510,245,515,210,485,203,496,195,520,179,504,211,493,212,472,188,497,168,483,206,473,205,447,187,468,165,462,204,451,207,418,188,441,177,439,203,429,206
422,288,461,278,506,243,510,209,478,203,490,194,514,178,498,209,488,211,466,188,491,168,477,205,467,205,441,187,463,165,455,203,445,206,413,188,436,177,433,203,423,206
415,288,454,279,501,243,504,207,471,202,484,192,508,174,492,207,483,208,460,186,484,166,470,205,460,203,434,186,455,164,448,203,438,205,406,187,427,177,426,204,416,206
408,290,450,280,494,245,496,208,463,202,479,197,501,177,486,210,476,214,455,190,478,167,464,205,454,207,430,189,449,165,442,203,432,208,401,191,421,177,419,203,410,207
402,290,444,279,486,245,490,208,458,203,472,197,492,177,479,209,469,214,448,191,468,168,458,206,448,207,422,191,440,166,436,203,426,207,394,193,413,178,413,203,403,208
395,290,436,280,479,243,479,206,444,203,465,195,484,175,469,208,461,213,440,190,459,167,447,206,439,207,415,190,430,167,426,204,418,207,387,193,406,180,404,205,396,209
386,290,428,279,472,242,471,205,435,202,458,194,476,174,461,207,453,211,433,188,450,166,439,204,432,204,407,189,421,167,417,203,410,205,380,192,396,180,395,204,387,207
378,289,419,278,463,240,460,201,423,201,451,190,466,170,453,205,446,211,425,185,439,164,430,204,424,204,399,186,411,166,408,203,402,204,371,191,388,179,387,204,379,207
370,291,409,278,451,241,446,204,411,201,442,189,457,169,440,201,432,207,415,183,432,163,419,200,414,200,390,185,402,166,397,201,392,201,364,191,379,182,377,204,370,205
362,290,400,273,442,241,439,205,405,202,431,187,448,167,432,201,424,206,405,183,421,166,408,203,404,202,380,186,392,170,386,204,382,204,353,192,368,181,366,204,361,207
354,292,392,275,434,240,429,204,393,199,422,185,440,167,425,204,416,208,396,181,412,166,400,205,395,203,371,184,382,171,377,205,372,204,344,191,359,183,357,206,351,208
341,292,381,276,423,238,417,200,381,196,408,185,425,164,410,200,404,205,383,181,398,165,387,204,383,202,360,184,370,170,365,204,362,204,334,190,348,180,346,204,340,208
334,289,374,273,415,236,407,198,370,196,400,182,414,161,400,197,394,203,374,179,386,162,376,201,374,201,350,183,358,168,355,203,352,204,324,189,336,178,336,203,331,208
327,289,366,272,405,235,397,198,361,194,392,187,405,160,391,195,385,203,367,182,376,161,367,198,365,201,343,185,349,164,346,198,344,202,317,190,326,177,327,200,324,206
322,291,360,271,395,235,385,199,350,192,386,187,395,161,382,195,377,206,360,182,366,161,359,198,357,204,336,185,338,163,337,198,337,205,309,191,315,178,317,201,317,207
318,292,354,274,389,233,376,198,341,195,379,187,386,159,376,196,371,206,354,183,356,160,351,200,350,203,328,186,329,164,330,200,330,204,301,192,306,179,309,203,308,208
303,291,342,272,376,234,363,198,330,192,365,188,369,161,360,198,359,207,339,185,340,162,336,201,337,205,314,187,313,165,314,202,316,209,287,193,290,178,293,203,294,210
298,289,334,272,368,234,353,198,321,192,358,189,361,159,352,195,351,205,333,185,332,160,328,198,329,203,308,187,305,162,307,199,309,204,281,193,283,176,286,201,288,208
293,290,329,273,361,234,347,200,314,191,350,187,354,159,346,195,343,205,325,183,325,159,322,198,322,203,300,186,298,162,301,198,302,205,274,193,276,177,281,202,282,209
280,294,315,275,348,235,333,200,298,195,336,190,340,161,331,197,328,208,311,186,309,162,306,200,306,205,286,188,283,165,285,200,288,206,260,194,262,180,266,203,268,210
268,291,303,273,334,233,316,199,282,196,323,192,325,161,316,195,314,209,298,188,293,162,291,200,294,208,273,191,266,166,270,201,274,209,247,197,245,181,251,205,254,213
262,292,298,275,327,232,307,198,271,197,315,192,319,161,311,197,308,211,289,188,287,161,286,200,287,209,264,190,259,165,265,201,267,211,238,196,240,180,245,204,246,214
255,292,292,274,321,231,300,197,264,198,309,190,312,161,304,197,301,211,283,187,279,162,279,200,280,210,258,190,252,166,258,200,261,211,231,196,233,179,238,202,239,213
250,295,284,276,313,234,292,200,257,199,304,192,304,162,296,198,294,211,278,188,272,164,271,201,273,210,253,191,245,168,251,202,254,212,226,198,225,182,231,204,234,214
244,297,280,276,307,234,285,201,250,200,298,192,295,163,288,197,287,212,271,189,264,164,263,201,266,212,247,192,237,168,243,203,247,214,221,199,218,182,225,205,229,216
239,297,273,275,300,234,278,202,244,200,293,192,289,164,283,198,284,211,267,189,259,165,258,202,262,211,242,192,231,169,236,203,242,212,216,199,211,184,217,206,222,215
235,296,268,275,295,234,273,201,238,201,289,192,283,163,278,198,280,210,262,189,252,165,253,203,258,211,237,193,225,168,231,203,238,212,210,200,206,185,213,208,218,216
231,298,264,277,290,234,268,201,232,202,281,193,279,164,273,198,273,210,255,190,248,166,248,203,251,211,230,193,221,169,226,203,230,212,203,200,202,184,208,206,210,216
225,299,259,277,285,233,261,201,224,205,275,193,272,163,268,198,269,210,248,191,241,166,242,204,246,211,224,195,214,171,220,205,226,214,198,202,195,185,202,207,206,217
220,301,253,277,278,234,255,202,220,203,270,193,265,165,261,200,261,213,243,190,234,167,236,204,239,213,219,194,208,172,215,206,220,215,193,202,189,187,196,209,201,218
220,300,254,277,280,235,256,204,220,207,270,194,267,166,262,201,263,214,244,191,236,168,236,205,240,212,219,195,209,174,215,206,221,214,193,203,190,188,195,209,199,218
216,300,250,277,273,234,248,202,213,205,265,195,259,165,254,200,256,213,238,193,228,168,229,205,234,212,213,198,202,173,208,206,215,215,188,206,182,188,189,209,195,219
211,301,244,277,267,235,242,205,208,205,260,196,254,167,249,200,251,213,233,193,223,170,224,205,228,214,209,197,197,174,202,206,209,216,184,205,177,189,183,210,189,220
208,300,241,276,263,234,236,204,202,205,256,196,247,167,242,200,245,213,228,194,217,169,217,205,222,214,204,198,191,174,196,207,204,217,180,207,171,190,177,212,184,222
204,299,237,276,258,233,231,204,197,207,251,195,242,166,238,200,243,212,224,194,213,170,214,206,221,213,200,199,186,174,192,208,201,216,174,207,165,190,172,211,179,220
201,301,235,276,255,234,226,205,192,208,247,194,235,167,232,201,238,212,220,193,206,170,209,207,216,214,195,198,180,174,187,208,197,217,170,207,161,190,169,211,177,221
198,304,231,279,249,238,219,210,186,210,242,198,229,172,226,205,231,216,215,198,201,174,203,210,210,218,190,203,175,178,182,211,191,221,166,211,155,194,163,215,172,224
194,305,227,280,247,239,218,211,184,213,240,198,226,174,225,207,233,217,212,197,198,175,201,211,208,218,188,202,171,181,179,214,189,221,163,211,153,198,160,218,169,226
191,304,224,280,244,239,216,211,183,212,236,200,225,173,224,206,230,216,209,199,197,175,199,211,206,217,185,204,170,181,177,213,187,219,161,211,150,197,157,216,166,224
192,304,223,280,244,238,216,210,183,212,235,198,225,174,225,207,231,216,209,197,196,175,199,211,205,216,184,203,169,182,177,213,187,219,159,211,150,197,157,217,165,223
187,306,218,281,235,240,204,213,171,214,229,201,214,175,212,209,219,220,202,200,186,177,189,214,197,222,178,205,160,182,167,215,178,225,153,214,141,199,149,220,159,229
185,306,216,280,234,239,205,212,173,213,226,199,211,174,212,208,220,218,199,200,183,177,188,213,196,219,174,205,157,184,166,216,178,222,150,214,139,201,147,220,157,227
184,305,215,280,234,240,206,213,173,213,225,199,210,175,211,208,220,217,198,199,183,177,187,213,195,219,174,205,156,183,165,215,176,222,150,214,137,200,146,219,156,226
184,305,214,280,233,238,204,212,171,213,225,197,208,173,210,207,220,216,198,198,181,175,186,212,194,218,174,203,155,182,164,214,177,221,149,213,137,199,145,219,156,227
183,305,214,280,232,238,204,211,170,212,225,197,209,173,211,207,220,216,197,198,182,175,186,212,194,217,173,203,155,182,164,214,176,221,148,212,136,199,145,219,154,225
183,305,214,281,232,238,203,211,170,212,224,198,209,173,211,206,220,216,197,198,182,175,186,211,194,217,173,204,155,182,164,214,176,220,148,213,137,199,145,218,154,226
184,305,214,280,232,238,203,211,170,211,224,198,209,173,211,206,220,215,197,198,182,175,186,211,194,217,172,204,155,182,164,214,176,220,148,213,136,199,145,218,154,225
184,304,214,280,232,238,203,211,170,211,224,198,209,173,211,206,220,215,197,198,182,175,186,211,194,216,172,204,155,182,164,214,175,220,148,213,137,199,145,218,154,225
184,304,214,280,232,238,203,211,169,211,224,198,209,173,211,206,219,215,196,198,182,175,186,212,193,216,172,204,155,182,164,215,175,220,147,213,136,199,145,219,154,225
186,310,216,284,232,242,200,215,167,218,222,205,208,177,209,210,217,220,194,207,181,181,186,216,193,226,171,213,154,186,164,218,174,230,147,222,136,205,145,224,155,235
185,311,216,285,232,244,201,217,169,219,222,206,208,177,211,211,219,221,195,208,181,183,187,219,194,226,170,214,154,189,164,223,175,232,146,224,135,208,145,228,153,237
186,311,216,286,232,244,201,217,169,219,222,206,209,178,211,211,220,221,195,208,181,183,187,220,194,225,170,215,155,190,165,223,175,230,146,225,136,208,145,228,153,237
187,313,218,287,233,246,200,219,167,222,223,208,209,179,211,213,220,222,195,210,182,185,187,221,194,227,171,217,155,191,165,224,175,232,146,227,136,209,145,229,153,238
189,316,219,289,234,248,202,221,168,225,225,210,211,183,213,214,221,224,197,211,183,187,188,223,196,230,173,218,156,195,166,226,178,235,149,228,138,212,147,232,156,241
191,321,221,294,237,252,206,224,172,228,227,214,214,186,216,218,224,228,200,215,186,191,191,226,198,233,176,221,159,198,169,230,180,239,152,232,141,215,150,235,158,245
190,319,220,293,237,250,206,224,172,227,228,212,215,186,218,220,226,229,201,213,187,190,193,227,200,232,176,219,160,198,170,231,181,236,152,229,141,215,150,236,158,243
194,324,224,296,240,254,208,228,174,233,231,217,219,192,219,222,226,232,204,217,190,195,194,228,201,236,180,223,162,201,172,232,183,241,156,234,144,219,153,238,162,247
196,325,227,300,244,257,213,230,180,234,235,219,221,193,221,225,229,235,207,219,193,196,197,232,205,240,184,225,166,204,175,236,186,245,160,236,149,221,156,241,165,252
197,328,229,302,248,260,217,233,182,237,238,223,227,197,227,229,234,239,211,221,198,199,201,233,208,241,187,227,171,206,179,237,190,246,163,236,153,222,161,242,169,251
203,333,239,312,260,267,232,236,198,240,251,233,244,204,240,236,242,248,224,232,214,206,215,240,219,248,199,237,187,210,195,243,201,253,174,245,169,228,176,248,179,257
203,334,237,312,259,267,235,235,202,238,250,233,243,204,240,237,242,249,224,232,214,205,216,240,220,248,199,237,188,211,195,243,201,251,174,246,169,228,176,248,180,255
203,334,239,314,261,270,240,236,209,238,252,236,248,206,243,237,246,250,226,235,219,206,219,241,223,251,202,239,192,210,198,243,203,255,177,246,173,227,179,247,183,257
204,334,239,313,262,269,241,236,209,237,252,236,248,205,243,237,245,250,226,235,220,206,220,242,222,251,202,239,193,210,198,243,203,255,177,246,173,227,179,247,183,257
204,333,239,313,262,268,243,234,212,234,253,234,248,203,244,235,247,248,228,233,221,204,221,240,224,249,203,237,194,208,200,243,205,253,178,244,175,224,181,247,184,256
205,333,240,311,264,266,243,233,210,235,254,234,250,203,245,235,247,249,229,233,223,203,222,240,225,250,204,237,195,207,201,242,206,253,179,244,176,224,181,246,185,256
206,333,241,311,265,265,244,233,211,235,257,233,252,203,247,235,249,249,231,232,225,203,224,239,227,249,207,235,197,207,203,241,208,252,182,242,178,223,184,244,187,254
208,331,243,308,267,264,248,231,216,232,258,231,254,200,249,233,250,246,232,230,226,201,225,238,229,246,208,234,199,206,204,239,210,249,183,240,180,221,185,243,189,251
210,328,244,304,268,261,249,228,218,227,259,230,256,197,251,229,252,244,234,228,227,198,227,234,230,246,210,232,201,202,207,236,212,249,185,238,182,218,188,239,192,250
211,324,245,301,269,257,250,224,218,224,260,226,257,194,252,226,253,241,235,225,229,195,229,231,232,243,211,228,202,199,208,232,214,245,186,234,183,214,189,236,193,247
212,323,248,301,272,255,251,222,218,225,263,223,259,192,254,225,255,240,237,223,231,193,231,230,234,242,213,226,204,197,210,232,214,246,188,232,186,213,191,236,193,248
214,323,249,301,273,257,251,224,218,226,264,226,262,193,257,226,257,240,238,225,233,194,233,230,235,240,214,228,206,198,211,231,216,243,189,234,187,213,192,235,195,245
216,323,251,305,275,259,253,227,220,229,266,225,263,195,258,228,259,240,240,224,235,196,235,232,238,239,215,228,208,200,213,233,218,242,190,233,190,215,194,237,196,245
219,323,252,302,276,259,254,228,223,229,267,225,264,195,260,228,261,240,241,224,236,197,236,233,239,239,217,228,210,201,214,233,220,242,192,234,190,215,195,236,198,245
220,322,254,302,277,260,256,229,225,229,269,226,265,195,261,228,263,241,243,226,237,197,237,233,241,240,218,229,211,201,215,234,221,243,194,234,192,215,196,236,199,246
220,324,253,304,277,262,256,231,224,232,269,228,266,197,261,230,262,242,243,227,238,199,238,235,241,241,219,230,212,202,216,235,221,245,193,236,192,218,197,239,200,248
221,326,255,307,277,264,255,231,223,235,269,231,266,199,261,233,262,245,243,230,238,201,238,237,240,245,219,234,212,204,216,238,221,249,194,240,193,221,198,242,200,252
222,328,255,308,278,266,256,234,225,237,269,232,266,201,261,234,262,247,243,231,239,203,238,239,241,247,219,235,212,207,217,240,221,250,195,242,193,223,199,244,201,253
223,329,256,309,279,267,257,235,226,238,269,233,267,202,262,235,263,247,244,232,239,205,240,240,242,247,220,236,213,208,218,241,222,251,195,243,194,224,200,244,202,254
223,329,256,310,279,267,258,235,227,238,270,233,267,202,263,235,263,247,244,232,240,205,240,241,242,248,221,236,213,209,219,242,223,252,196,243,195,225,200,246,203,255
224,330,257,310,280,268,258,237,228,239,270,233,267,203,263,237,264,248,245,232,240,206,240,242,243,248,221,237,214,209,219,242,223,252,196,244,195,225,200,246,203,255
225,330,258,314,280,267,260,235,227,241,271,234,268,205,264,238,264,249,246,233,241,207,241,243,243,249,222,238,214,211,220,244,224,253,197,243,196,227,201,249,203,257
225,331,259,315,282,270,260,238,228,243,272,237,269,207,264,239,264,252,246,237,241,209,241,245,243,252,223,241,215,213,220,246,224,257,198,247,197,229,202,251,205,260
227,334,260,316,282,271,261,240,229,245,272,240,270,209,266,241,266,253,247,239,243,212,243,246,245,254,224,243,216,214,222,247,226,258,199,250,198,231,204,251,206,260
228,334,261,316,283,273,262,242,230,245,273,240,270,210,266,242,267,255,248,240,243,213,244,248,246,256,224,244,217,216,223,249,227,260,200,250,198,233,204,253,207,263
229,335,261,316,283,274,263,244,233,247,273,241,271,211,266,243,267,256,248,241,244,214,244,249,246,257,225,245,218,218,223,251,227,261,201,252,200,234,205,255,208,265
229,337,263,321,285,276,265,244,233,248,274,243,271,214,266,246,267,258,250,243,244,216,244,251,246,260,227,248,218,219,224,253,228,264,203,254,201,237,206,259,209,268
230,340,263,321,285,281,266,251,236,252,276,249,272,218,267,250,269,263,251,248,245,221,246,256,248,265,228,253,220,223,225,257,229,269,204,260,202,241,208,262,211,272
231,344,264,325,287,285,267,254,237,256,278,252,274,222,269,254,271,266,253,252,248,224,247,260,250,268,230,256,222,227,227,260,231,272,206,263,204,245,209,265,212,275
231,348,264,327,287,289,267,258,236,259,278,254,275,225,270,257,271,268,253,253,248,227,248,262,250,269,230,258,223,230,227,262,231,272,206,266,204,247,209,266,212,275
231,351,264,329,287,290,267,260,236,261,278,255,275,226,270,258,270,269,253,255,249,228,248,264,249,271,229,260,223,231,227,264,231,275,205,267,203,248,208,268,211,278
230,353,263,331,286,292,266,262,235,264,277,256,274,227,269,259,270,271,252,256,248,230,247,265,249,272,228,261,222,232,226,265,230,277,204,269,202,249,208,269,211,280
231,356,265,334,287,296,267,265,236,265,277,260,274,230,269,263,271,275,252,260,247,233,247,269,249,277,228,266,221,235,225,270,230,281,203,274,201,254,207,274,210,284
230,360,263,338,286,300,267,269,237,268,276,264,273,234,269,267,270,279,251,264,246,237,246,273,248,282,227,270,220,239,226,274,229,287,203,278,201,258,207,279,210,289
226,369,260,345,283,306,262,275,230,279,273,271,270,241,265,274,266,286,247,270,243,243,243,279,244,288,223,275,217,246,221,279,225,291,198,283,197,263,203,283,205,293
222,373,255,349,280,307,260,276,228,279,268,273,268,242,264,276,263,288,243,271,239,245,240,280,242,287,219,275,213,248,219,280,223,291,194,282,194,264,199,284,202,293
218,374,253,352,277,309,257,276,226,279,266,273,266,242,261,276,260,288,240,272,237,245,237,281,239,287,216,276,210,248,215,281,220,291,191,283,190,264,196,284,199,294
216,376,251,352,275,310,254,278,223,280,264,274,263,243,259,277,258,290,238,273,235,246,234,282,236,288,214,278,207,249,213,282,217,293,189,285,187,266,193,286,197,296
215,377,250,355,274,314,254,281,224,281,263,278,262,246,256,281,256,292,237,277,234,249,233,285,235,292,213,281,207,252,211,286,215,297,188,288,187,268,192,290,194,300
212,379,248,357,273,317,254,284,224,284,262,282,263,250,257,284,255,297,236,281,235,253,233,289,233,297,212,285,208,254,211,289,214,301,187,292,187,271,192,292,194,303
213,381,247,357,272,318,253,285,223,286,262,284,264,253,256,286,255,298,236,283,236,255,233,291,233,298,212,287,208,256,212,290,214,302,187,294,188,272,192,293,193,304
212,381,247,359,272,318,254,285,224,284,262,285,263,253,257,287,256,299,236,284,235,255,234,291,234,298,212,287,208,256,212,291,214,301,186,294,188,272,193,293,194,303
211,382,246,361,271,318,253,285,223,285,262,286,264,253,257,287,256,299,236,284,236,255,234,291,233,298,211,288,208,257,212,291,214,302,185,294,188,272,192,293,193,303
209,384,245,362,270,321,252,287,222,287,261,286,263,254,256,287,254,299,235,284,235,256,232,292,232,298,210,289,208,258,211,292,213,302,185,295,186,274,190,295,192,305
208,385,245,364,271,323,251,289,219,290,260,289,262,256,254,290,252,302,234,287,233,258,230,294,231,301,209,290,206,260,208,294,211,305,183,296,184,276,188,297,190,307
207,387,244,367,270,327,251,294,220,292,259,293,261,260,253,294,252,307,233,291,232,261,230,298,230,307,208,295,205,262,208,297,210,310,183,300,183,278,188,301,189,312
206,391,243,371,270,330,250,296,218,295,258,296,261,263,253,297,251,308,232,294,232,263,229,300,229,307,207,297,205,265,208,300,210,310,181,302,183,281,187,303,188,312
205,394,242,375,269,332,251,296,219,298,259,297,262,264,253,298,251,310,233,295,233,265,229,302,229,308,208,298,205,267,208,302,210,311,181,303,184,283,187,304,188,313
205,394,242,373,269,332,251,297,220,298,259,298,262,264,253,298,251,311,233,296,233,266,229,303,230,309,208,299,205,267,207,302,210,312,181,304,183,283,187,305,189,314
205,406,245,386,271,343,253,307,220,306,260,309,263,275,255,308,252,323,234,307,233,274,230,311,230,323,209,310,206,275,208,312,210,326,183,315,184,293,188,315,190,326
205,410,243,389,271,347,254,312,222,310,260,312,263,278,254,312,251,325,234,310,234,279,230,315,230,324,209,314,207,280,208,316,209,328,182,319,185,297,188,319,189,330
203,415,242,393,269,351,253,315,222,314,260,316,263,282,254,316,251,329,233,314,234,282,230,319,229,329,208,317,206,283,208,319,208,333,181,322,184,299,187,321,188,333
203,416,242,395,269,352,254,316,223,314,259,319,263,283,254,318,251,331,233,317,234,284,229,321,229,330,207,319,206,284,207,320,208,333,180,324,183,300,186,323,187,333
202,418,241,397,269,354,253,318,221,317,259,320,263,285,254,319,252,332,233,318,234,285,229,323,229,331,207,321,206,286,206,322,208,335,180,326,183,302,186,325,186,336
200,422,239,400,268,358,251,321,219,320,259,322,262,287,253,323,250,336,232,319,232,288,228,327,228,335,206,322,204,289,206,326,207,338,179,327,182,305,185,328,186,339
200,422,239,401,268,357,253,321,221,319,259,322,262,288,253,323,251,336,232,320,233,288,229,326,229,335,207,323,205,289,206,326,208,338,180,327,182,305,185,329,186,339
197,428,238,408,267,366,250,330,218,327,257,330,260,295,251,329,249,343,230,327,231,295,227,334,226,344,205,330,203,296,204,334,205,348,178,335,179,312,183,336,184,348
197,430,237,408,266,364,251,328,219,327,257,329,260,295,251,330,249,343,231,327,231,295,227,334,226,343,205,329,203,296,204,334,206,346,178,334,180,312,183,336,184,347
195,432,235,411,265,366,249,330,215,331,254,331,259,297,249,332,246,345,228,329,228,297,224,335,224,344,202,331,201,298,203,335,203,347,175,337,179,314,182,337,182,348
192,437,232,414,262,368,245,331,212,332,251,333,255,298,247,333,243,347,225,330,224,298,221,336,220,345,199,333,197,300,199,335,200,347,172,338,175,314,179,337,179,348
188,442,226,417,256,370,240,335,207,334,247,334,250,299,242,335,239,348,220,331,220,301,216,339,217,345,194,335,191,302,193,338,196,346,166,340,168,318,172,341,173,350
188,442,226,418,255,371,238,336,205,335,246,334,248,300,240,336,239,349,219,332,218,301,214,340,215,346,193,336,189,304,192,340,195,348,165,341,166,320,170,343,172,352
180,446,219,422,248,372,230,336,195,339,240,336,240,301,231,337,230,351,211,334,209,302,205,342,207,349,184,337,179,305,182,342,187,352,157,343,156,322,160,345,164,355
175,445,214,426,243,373,222,335,186,339,233,335,232,302,225,338,225,352,205,333,201,302,199,341,201,349,178,337,171,306,176,343,180,353,150,342,149,323,154,347,157,356
175,445,214,426,242,373,222,335,186,339,233,335,232,302,225,338,225,352,205,333,201,302,199,341,201,349,178,337,171,306,175,343,180,353,150,342,149,323,154,347,157,356
175,445,213,424,242,372,223,334,186,336,234,334,232,301,224,338,225,351,205,332,202,301,199,341,201,349,178,335,172,305,176,343,181,352,151,341,149,323,154,347,158,355
175,444,213,424,243,372,222,334,186,337,234,335,232,301,224,337,225,351,205,332,201,301,199,341,201,349,178,336,171,305,176,342,181,352,151,341,149,322,154,346,157,355
175,444,213,424,243,372,222,334,186,337,234,334,232,300,224,337,225,351,205,332,202,301,199,341,201,349,178,336,171,304,176,342,180,352,150,341,149,321,154,346,157,355
175,444,213,423,242,372,222,334,185,337,233,334,232,300,224,337,224,350,205,332,201,301,199,341,201,349,178,336,171,304,175,342,180,353,150,341,149,321,154,346,157,356
174,443,212,422,241,370,222,333,185,335,233,334,232,300,225,336,225,350,205,331,201,300,199,340,201,349,178,335,171,304,175,341,180,352,151,340,149,320,154,345,157,354
174,442,211,421,242,370,224,331,187,332,233,332,231,298,223,335,224,348,205,329,201,298,197,338,200,347,178,332,171,302,174,339,180,350,151,338,149,318,153,343,156,352
174,441,212,421,241,370,223,331,186,333,233,332,232,298,224,334,225,348,205,330,201,298,198,338,200,347,178,333,171,301,175,339,180,350,150,338,149,318,153,343,156,353
110,440,146,411,167,366,138,337,103,338,165,329,151,296,148,333,155,347,136,329,122,300,122,339,130,349,109,333,93,305,98,340,110,350,83,339,73,322,78,344,88,355
109,440,145,411,168,365,139,336,103,337,165,327,151,297,147,332,154,346,136,327,122,300,121,339,129,347,109,330,93,306,98,341,110,350,82,336,73,321,78,343,86,353
107,439,142,410,164,365,137,335,103,336,163,327,147,296,144,331,153,345,133,327,118,299,118,337,127,347,106,331,90,304,94,338,105,350,79,338,69,320,74,342,82,353
108,438,142,410,164,365,138,335,103,335,164,327,148,295,144,330,153,343,134,326,119,298,118,335,127,345,107,330,90,304,94,336,106,347,80,336,69,319,74,340,82,351
107,438,142,410,163,364,136,333,101,333,161,328,148,295,145,329,154,343,132,327,119,297,118,335,127,345,105,331,90,303,94,336,106,347,78,337,69,319,74,340,82,350
107,438,142,409,163,364,135,333,100,334,161,327,150,295,146,328,153,341,131,326,119,298,118,335,126,344,105,330,90,304,95,337,106,346,78,336,69,319,74,340,82,349
107,438,141,410,162,364,135,334,101,334,161,328,149,295,146,329,153,342,131,328,119,298,118,336,126,345,104,331,90,304,94,337,105,346,78,337,68,319,73,340,81,350
106,439,141,411,161,366,134,335,101,337,159,330,147,296,143,330,151,344,130,330,117,300,117,337,125,346,103,333,89,305,93,339,104,348,76,339,68,319,73,340,80,351
106,439,140,411,161,365,134,335,100,336,159,329,147,296,143,331,151,344,130,329,118,300,117,338,125,346,103,333,89,306,94,340,104,348,76,338,69,320,73,342,80,352
106,439,140,410,161,365,134,335,100,336,159,329,148,297,144,331,151,344,130,329,118,301,117,338,125,346,103,333,89,306,93,340,104,348,76,338,68,320,73,342,80,351
105,438,139,410,161,365,134,335,99,336,158,329,148,297,144,331,151,344,129,329,118,300,117,338,124,346,102,332,88,306,93,340,104,348,75,338,67,321,72,342,80,351
105,439,139,411,161,365,133,336,98,336,158,329,146,297,143,332,151,344,129,329,117,300,116,339,124,346,102,333,88,306,93,340,104,348,75,339,67,321,72,342,79,352
104,439,138,412,160,367,132,336,98,339,157,330,144,297,141,332,148,345,128,331,115,302,115,340,123,348,101,335,87,307,92,341,103,350,75,341,66,322,71,344,78,354
104,440,139,413,160,367,132,337,98,338,157,330,144,297,141,332,148,346,128,331,116,302,115,340,123,348,101,335,87,307,92,342,103,351,75,341,66,322,71,344,78,355
104,440,138,412,160,367,132,337,98,338,158,330,145,298,141,333,149,346,129,330,116,302,115,340,123,348,102,334,87,307,92,342,103,351,74,340,66,322,71,344,78,354
104,440,138,412,159,366,132,336,98,336,158,329,146,297,143,332,150,345,129,328,116,300,115,338,123,346,102,332,87,306,92,339,103,348,75,337,66,320,71,341,79,350
104,439,138,411,159,365,131,335,96,336,158,329,145,297,142,332,149,344,128,328,116,300,115,338,123,346,102,331,86,305,92,339,103,348,74,337,66,319,71,341,79,350
104,440,138,411,159,365,131,336,95,336,158,329,145,296,142,332,149,344,129,328,115,300,115,338,123,346,102,331,86,305,91,339,103,348,75,337,66,319,71,341,79,350
104,441,138,412,159,367,132,337,98,337,156,331,145,298,141,332,147,346,127,330,116,301,114,339,122,348,101,334,87,307,91,340,102,351,75,340,66,321,71,342,79,353
105,440,139,412,159,366,132,337,98,337,156,331,146,298,142,332,149,345,127,330,116,302,115,339,122,348,101,334,87,307,92,341,102,350,74,340,66,321,71,343,78,353
104,440,138,412,159,366,132,336,98,336,158,331,145,297,142,332,149,345,128,330,116,301,115,339,123,348,102,333,87,307,91,340,103,350,75,339,66,321,71,342,79,353
104,438,137,412,160,365,134,334,99,333,158,329,146,295,142,331,149,344,129,328,116,299,115,337,123,346,102,331,87,304,92,338,103,348,75,337,66,318,71,340,79,350
104,439,138,411,160,366,133,335,99,332,157,330,146,296,143,331,150,343,128,329,116,299,116,338,123,346,101,332,87,305,92,338,103,348,75,337,67,318,72,340,79,350
104,440,138,411,160,365,133,335,98,334,157,329,146,296,142,331,149,344,128,328,116,300,115,338,123,346,102,332,87,305,92,339,103,348,75,337,66,319,71,341,79,350
104,441,139,412,160,366,131,336,97,338,157,330,144,297,141,332,148,345,127,330,115,301,114,339,122,348,101,334,86,307,91,341,102,351,74,339,65,320,71,343,78,353
104,204,136,178,151,132,119,103,86,104,153,98,128,69,122,100,127,116,125,98,100,73,101,106,110,122,101,102,79,80,84,110,95,124,78,111,68,97,72,117,80,129
74,203,102,179,115,137,88,108,61,106,124,106,93,79,86,107,95,119,98,104,68,82,68,112,78,123,76,107,51,89,54,115,66,123,56,113,42,102,45,118,53,126
73,202,101,178,113,136,85,106,57,106,123,106,91,79,86,109,95,121,97,105,67,81,67,113,77,124,74,107,49,89,53,115,65,124,54,114,41,101,44,117,51,126
73,203,101,178,113,137,84,108,55,108,122,107,89,79,84,108,93,122,96,106,64,82,65,112,76,125,73,109,48,90,51,116,63,125,54,116,40,103,43,119,51,128
73,204,101,177,111,136,83,109,55,110,120,110,90,81,85,111,94,125,95,109,65,86,66,116,77,128,72,112,48,93,52,119,64,129,52,118,38,105,42,121,50,130
73,204,100,178,110,138,82,111,55,110,120,111,90,82,85,112,94,126,94,111,66,86,66,118,77,129,72,113,49,94,52,121,64,130,52,118,39,105,42,122,50,131
73,204,100,179,110,138,82,111,55,110,120,111,90,83,85,112,94,126,95,111,67,86,66,118,77,129,73,113,49,93,52,120,64,130,53,118,39,104,42,121,51,131
73,205,100,178,110,137,83,109,55,110,121,112,91,83,85,111,93,126,96,111,68,86,67,116,77,129,74,113,51,92,53,117,64,128,55,118,41,102,44,118,52,128
74,205,101,178,110,136,83,109,55,110,120,112,91,83,86,111,95,125,95,111,67,86,67,116,77,129,73,113,50,93,53,118,65,129,54,119,40,104,44,119,52,129
74,205,101,177,112,138,85,110,58,110,124,112,95,83,89,111,97,125,99,111,71,86,71,116,81,129,76,114,53,93,56,118,68,130,56,119,43,105,46,121,54,131
78,207,106,180,115,140,87,113,59,114,124,114,96,84,90,110,97,128,99,114,72,86,71,114,80,131,77,117,55,94,57,116,67,130,57,124,46,106,48,119,55,131
79,208,107,181,117,140,87,114,58,115,126,115,99,86,95,112,102,129,100,115,75,89,75,117,84,132,78,118,57,95,60,118,70,132,58,124,47,106,50,120,57,133
507,388,550,367,588,332,599,298,572,287,552,271,588,258,577,295,558,298,526,268,566,254,557,299,538,299,501,271,539,258,536,301,515,304,476,278,514,267,515,298,496,304
469,407,514,387,560,343,559,307,526,308,521,274,552,267,543,304,525,302,490,273,525,264,520,308,502,303,463,280,494,272,497,315,479,314,438,292,470,284,474,314,458,318
465,407,512,386,558,341,557,304,524,306,516,271,548,265,539,302,521,300,486,270,521,263,516,307,498,302,459,278,491,272,493,314,475,313,434,289,468,283,472,313,455,317
465,406,511,385,555,339,556,302,523,303,512,269,546,262,535,302,517,300,482,269,518,259,512,305,495,301,455,277,489,269,490,312,472,312,431,288,466,280,469,311,452,315
464,405,509,383,555,340,555,302,521,301,514,272,547,263,536,302,517,300,484,271,520,258,514,305,496,300,456,277,490,267,490,311,472,311,431,287,465,280,468,311,451,314
462,403,508,385,555,341,554,303,520,302,516,274,546,262,535,302,517,300,485,273,518,256,513,304,495,300,456,279,487,265,489,310,471,310,429,289,461,279,465,311,449,315
460,405,507,385,554,340,550,303,517,304,517,274,546,264,534,302,517,300,485,272,517,258,511,303,495,299,456,278,485,265,488,309,471,308,428,288,459,279,464,311,449,314
458,404,505,384,552,339,552,302,520,302,515,273,545,262,534,302,517,299,482,272,516,257,511,303,494,299,454,279,484,265,487,309,471,309,427,288,459,279,463,311,448,314
457,404,503,383,550,338,552,300,520,302,512,271,543,262,532,301,514,298,480,270,514,256,509,302,492,298,451,277,483,264,486,308,469,308,425,287,458,279,462,309,447,313
457,403,501,383,548,339,551,300,517,299,510,273,540,261,531,299,513,298,480,272,513,256,508,302,490,298,452,278,482,262,485,307,467,308,425,287,457,277,462,308,446,312
454,402,499,384,547,338,548,299,516,300,511,276,540,263,529,301,511,298,479,274,512,256,506,302,489,297,450,280,478,261,482,307,465,307,422,288,453,276,458,308,442,312
451,403,497,384,545,337,544,298,513,302,511,276,538,264,526,303,509,297,478,275,510,257,504,303,487,296,449,281,476,262,480,306,463,305,421,289,450,277,455,309,441,312
450,402,495,383,544,338,545,299,512,299,507,273,536,261,525,300,508,296,475,272,508,256,502,302,485,296,446,278,475,262,478,307,462,306,419,287,451,276,455,308,439,312
449,400,493,380,541,334,542,297,510,299,505,270,534,259,523,298,507,296,473,269,506,255,501,301,484,295,445,275,473,260,476,305,460,304,417,285,449,275,453,307,437,311
448,398,492,379,539,334,539,297,506,297,505,271,533,258,522,298,506,297,473,269,506,252,500,299,483,296,445,275,473,257,476,303,459,305,416,284,448,273,452,306,436,310
447,399,491,381,538,335,537,298,505,299,507,274,533,259,522,298,506,296,475,272,505,253,499,299,483,294,445,277,471,256,474,302,459,303,416,285,446,272,450,305,435,309
422,462,478,436,535,366,525,317,484,329,497,293,523,269,511,323,493,321,448,292,484,261,481,322,460,319,409,303,435,272,448,330,428,333,371,316,403,294,415,333,396,339
387,337,450,316,516,245,508,183,454,180,488,172,510,134,493,192,479,200,443,166,466,123,456,190,441,194,400,170,418,125,421,195,407,206,353,179,378,153,383,199,371,208
389,346,456,320,528,246,522,179,464,177,499,168,520,123,502,186,489,199,451,161,472,115,463,187,448,193,405,166,421,116,425,189,413,201,355,176,379,146,385,194,372,205
389,346,456,320,529,246,523,179,464,176,498,168,521,123,503,187,489,199,451,162,473,116,463,188,448,192,404,167,422,117,426,190,413,201,354,177,379,148,386,195,373,206
390,346,457,320,529,245,522,178,464,177,499,168,522,124,503,187,489,198,451,161,473,115,463,187,448,191,404,166,422,117,426,190,414,201,354,176,380,148,386,196,373,206
390,346,458,320,530,244,522,178,463,177,501,167,525,124,505,187,491,197,453,160,476,115,464,186,449,191,405,165,423,117,426,190,414,201,355,175,380,147,386,195,374,205
390,345,457,319,529,244,522,178,464,176,500,167,524,122,505,185,490,197,452,160,475,114,464,186,449,191,405,165,423,117,427,189,414,201,355,175,380,147,386,195,373,204
298,354,362,322,421,245,402,178,341,182,395,162,403,109,391,172,385,191,350,158,352,112,349,182,347,190,306,166,300,116,311,182,313,200,259,179,262,145,275,187,278,204
296,350,358,320,414,240,389,179,327,185,389,164,395,115,382,177,377,195,343,160,344,114,341,183,339,192,299,167,292,118,302,185,304,200,253,179,255,150,266,192,269,204
296,350,359,320,414,241,389,179,327,185,389,164,395,114,383,177,377,195,343,160,344,114,341,183,339,192,299,167,292,118,302,184,304,200,253,179,256,150,267,191,269,204
296,351,359,320,414,241,388,179,326,185,389,164,395,114,383,177,377,195,343,160,344,114,341,183,339,193,299,168,292,118,302,184,304,200,253,179,256,150,267,191,269,204
296,351,358,320,414,240,388,179,326,185,389,164,395,115,383,178,377,195,343,160,344,114,341,183,339,193,299,167,292,118,302,184,304,200,253,179,256,150,267,192,269,204
295,351,358,320,414,240,389,178,326,185,389,164,395,114,383,177,377,195,343,160,344,114,341,183,339,193,299,167,292,118,302,184,304,200,252,179,256,150,267,191,269,204
295,350,358,320,413,240,388,179,326,184,388,164,395,114,382,177,376,194,343,160,344,114,341,183,338,191,299,167,292,118,301,184,303,198,253,178,255,150,266,192,269,204
295,350,358,321,414,240,390,177,327,183,389,162,395,113,383,175,376,193,343,158,343,113,342,181,339,191,299,165,292,117,302,183,304,198,252,177,256,148,267,191,269,203
295,350,357,320,413,240,390,178,327,183,388,162,395,113,383,176,377,194,342,158,343,113,342,181,339,190,298,166,292,116,302,183,303,198,252,177,256,148,267,190,268,203
295,350,357,320,414,241,391,178,330,182,388,163,396,114,383,177,376,194,342,160,344,113,342,182,339,191,298,167,292,117,303,184,304,199,252,178,257,149,268,191,269,204
295,349,357,321,414,242,393,179,331,182,389,164,398,115,384,178,377,195,343,159,346,114,342,182,339,192,299,166,294,117,303,184,304,199,252,176,257,149,267,191,268,203
295,349,358,321,415,241,393,178,331,182,390,163,398,115,385,177,377,194,344,159,346,114,343,182,339,191,300,165,294,117,304,184,304,198,253,176,258,149,268,191,269,202
295,349,358,321,416,242,394,178,332,182,391,164,399,114,386,177,378,194,344,159,346,114,343,182,340,191,300,166,295,117,304,184,305,198,253,176,258,149,268,190,269,202
295,349,357,321,415,243,394,179,332,182,390,164,399,115,386,178,378,195,344,160,347,114,343,183,339,192,300,166,296,117,305,184,304,198,253,177,258,149,269,191,269,202
296,349,358,321,416,243,393,179,332,182,391,164,399,114,386,178,379,195,345,160,347,114,344,183,340,192,300,167,296,117,305,184,305,198,254,177,259,149,269,191,269,203
295,348,357,321,416,243,394,179,333,181,391,164,400,115,386,178,379,195,345,159,347,114,344,184,340,191,301,166,296,118,305,184,305,198,254,177,259,149,269,192,270,203
295,348,358,321,416,243,395,179,333,181,391,164,400,114,386,177,379,194,345,159,347,114,344,183,340,190,301,166,297,117,305,184,306,197,254,177,259,149,270,191,271,202
295,348,358,321,416,242,394,177,332,181,390,164,400,114,385,177,378,194,345,159,347,114,343,182,340,190,301,166,296,117,305,183,305,196,255,177,260,149,270,191,271,202
295,349,358,321,416,242,394,177,332,181,391,163,399,114,385,177,378,194,345,159,347,114,343,182,340,190,301,166,296,117,305,183,306,197,255,177,259,149,270,191,271,202
295,348,357,321,415,241,395,177,333,181,391,163,399,114,385,176,378,193,345,159,347,114,343,182,340,190,301,165,296,117,305,183,306,197,255,176,259,149,270,191,271,202
295,348,357,321,415,241,395,177,333,181,391,163,399,113,385,176,378,193,345,158,346,113,343,182,340,189,301,165,296,117,305,183,306,196,255,176,259,149,270,191,271,202
294,348,357,321,415,240,395,175,332,180,390,161,399,113,385,175,378,191,344,157,346,113,343,181,340,188,300,164,295,116,305,183,306,196,254,175,259,149,270,191,271,201
295,347,358,320,415,240,393,175,331,179,390,161,398,112,385,175,378,191,344,156,346,112,343,180,341,187,300,163,295,115,305,182,306,195,254,175,258,149,270,191,272,201
295,346,358,319,416,239,394,175,331,179,390,160,398,112,385,175,378,191,344,156,346,112,344,180,341,188,300,163,294,115,305,182,306,196,255,174,258,147,270,190,272,201
295,345,358,318,415,237,393,172,330,178,390,160,399,111,385,173,378,190,344,156,346,111,343,179,341,187,300,162,295,115,305,181,306,195,255,173,259,147,270,189,271,200
294,343,357,316,415,234,395,169,332,173,390,159,399,108,386,171,378,189,344,154,346,108,343,177,340,186,300,160,295,111,305,179,305,193,254,170,258,142,269,185,270,197
294,339,356,312,416,232,398,166,337,163,391,154,400,102,387,166,378,185,344,149,346,104,345,175,340,183,300,155,296,107,306,176,306,190,253,166,258,139,270,183,270,195
293,333,357,307,416,225,393,159,331,161,392,149,401,97,387,162,379,180,346,144,347,99,344,170,341,178,301,150,297,101,306,170,306,183,254,160,260,132,270,177,270,189
295,326,359,300,417,222,395,157,334,152,394,144,401,91,389,154,380,176,346,140,346,92,346,164,343,176,301,146,297,95,308,165,308,183,254,157,260,127,272,172,272,186
296,320,362,295,420,214,394,149,333,148,396,139,404,84,391,149,382,171,349,134,350,85,348,158,344,168,303,140,300,89,309,158,308,173,255,150,262,120,273,165,272,178
298,312,362,286,421,207,397,142,337,139,398,130,406,76,393,140,385,163,351,125,352,78,350,150,348,162,306,131,302,81,312,150,312,166,258,142,264,111,275,156,274,170
301,303,365,277,424,200,401,135,342,128,402,123,409,67,396,131,389,154,355,118,356,69,354,142,351,153,310,125,306,72,315,143,315,159,261,135,266,104,277,149,277,163
303,296,366,271,424,191,401,125,343,120,405,113,412,59,398,124,390,145,357,108,358,59,356,133,353,144,311,114,308,62,317,134,316,151,262,124,268,93,278,140,278,153
305,290,370,264,426,183,404,117,345,112,406,108,413,52,400,116,391,140,358,103,360,50,359,124,355,140,312,109,309,55,319,128,318,150,263,121,270,87,281,135,280,152
304,284,371,258,427,179,406,111,347,106,407,106,414,48,400,111,392,136,359,101,362,44,359,117,355,137,313,107,311,49,320,122,318,147,264,117,272,82,283,129,281,148
308,278,372,252,430,174,411,107,352,100,409,99,417,41,404,105,395,129,362,94,365,39,363,113,357,131,316,100,314,44,323,118,320,141,266,111,274,76,285,124,283,142
311,270,374,243,431,167,412,100,354,94,410,92,418,34,406,97,397,122,363,88,366,34,365,107,360,124,318,94,316,38,326,111,324,133,269,105,275,70,287,117,286,135
312,264,378,239,435,161,412,94,352,88,413,87,420,28,407,91,399,117,366,83,368,26,367,99,362,120,320,88,317,30,326,103,325,129,270,99,277,62,288,110,287,130
315,261,381,236,437,158,414,90,354,82,415,82,422,23,408,86,400,113,367,77,370,21,368,95,364,115,321,83,319,25,328,99,326,124,272,93,280,57,290,106,289,126
315,261,381,234,438,158,418,89,359,82,414,80,423,22,410,84,401,109,367,75,372,19,370,92,364,111,321,81,321,22,330,95,327,121,272,93,281,55,292,102,290,122
315,262,381,233,439,158,417,91,358,82,415,81,425,23,410,85,401,110,368,76,373,19,370,91,364,111,322,81,321,22,330,94,327,120,273,92,282,55,292,101,290,121
315,262,381,233,439,156,417,89,358,82,415,80,424,23,411,86,402,109,368,75,374,18,371,92,365,111,322,81,322,22,330,95,327,119,273,91,282,54,292,101,290,120
316,261,382,233,440,154,416,87,357,83,417,78,425,22,411,85,403,108,369,74,375,18,371,92,365,109,323,80,323,22,331,95,328,118,274,91,283,55,292,102,290,119
317,263,383,233,441,156,416,89,358,83,418,80,426,23,411,86,404,108,370,75,375,18,371,92,367,109,324,81,323,22,331,94,329,117,275,92,284,55,293,101,291,119
320,265,385,235,442,160,417,94,359,87,420,83,427,26,412,88,405,112,372,79,377,22,373,94,369,112,327,85,324,25,333,96,333,120,277,97,284,59,295,105,296,124
334,376,397,351,459,280,444,221,389,230,436,209,447,167,429,224,421,238,393,203,401,163,391,226,385,231,350,208,353,170,355,230,353,238,305,217,318,193,323,234,318,243
401,379,464,357,530,295,521,241,469,240,508,218,525,187,507,244,494,251,461,213,482,175,471,241,456,242,416,218,434,180,435,245,421,250,371,225,394,208,398,249,385,252
402,380,465,357,533,293,526,238,474,237,510,217,528,188,510,245,497,250,462,211,485,174,473,240,458,241,417,216,436,181,438,245,424,249,372,224,397,209,401,250,388,252
403,377,467,356,536,292,529,237,477,237,511,215,532,186,513,245,499,247,463,209,489,174,477,241,461,239,419,215,440,180,441,246,427,249,374,222,400,207,404,249,391,251
404,377,469,355,538,292,531,237,480,238,511,213,534,186,514,244,499,245,464,208,492,172,478,239,462,237,420,214,443,178,443,244,428,247,375,221,402,205,406,248,393,250
406,376,471,353,540,290,532,236,481,239,513,213,536,185,517,243,502,243,466,208,494,173,482,239,466,235,422,214,445,177,446,243,431,246,377,220,405,204,409,247,396,249
408,375,473,352,542,290,535,236,486,238,516,213,539,186,519,244,504,242,468,208,497,173,484,239,468,234,424,214,447,177,449,242,434,244,380,220,407,203,412,246,398,248
411,374,477,351,545,287,538,234,489,239,519,211,542,185,520,243,506,240,469,206,500,172,486,238,470,233,426,213,449,176,452,241,436,243,382,219,410,203,415,245,401,247
414,374,480,351,549,287,542,233,493,238,522,208,545,184,524,242,509,239,472,204,503,172,490,238,474,231,428,211,452,176,455,241,439,242,384,218,412,202,417,245,403,247
416,375,482,352,551,286,545,232,497,237,523,207,547,184,525,242,510,236,473,203,505,171,492,237,476,230,429,210,454,176,457,241,441,241,386,217,415,202,420,244,405,246
420,376,484,350,552,286,547,234,499,237,523,209,547,184,527,241,512,238,474,205,505,172,494,237,478,231,431,212,455,176,459,240,444,241,388,220,417,202,423,244,407,246
425,376,488,352,557,291,556,239,508,240,530,211,554,185,535,242,520,240,482,205,512,174,501,239,485,234,439,211,462,177,465,242,450,243,396,218,424,202,428,245,413,248
426,379,489,355,558,290,556,237,510,242,532,215,555,185,535,244,520,241,482,210,513,175,501,240,484,233,438,216,463,177,467,242,450,244,395,222,425,204,430,246,413,249
427,378,490,355,559,291,560,239,513,242,533,216,558,185,537,243,522,242,485,210,515,175,504,241,488,234,441,216,466,178,469,243,453,244,397,222,427,204,431,246,416,249
427,380,491,355,560,291,562,238,517,242,535,215,560,186,539,245,523,241,485,209,518,175,506,241,489,234,441,216,467,177,471,243,454,244,397,222,428,204,433,247,417,249
425,382,488,355,556,289,558,236,512,236,523,211,554,185,535,243,516,239,476,208,513,175,502,242,483,235,434,215,464,181,467,246,449,246,392,223,426,205,431,248,412,251
414,386,477,361,543,293,536,242,487,248,517,219,540,190,522,250,507,250,466,215,497,178,487,246,470,241,422,222,445,185,451,251,433,252,377,231,405,214,412,256,395,258
413,387,475,362,541,296,535,245,486,249,515,222,539,190,521,249,506,253,466,217,495,181,485,248,469,244,421,224,444,186,448,252,432,254,376,232,404,213,411,257,395,259
411,388,474,362,539,295,533,244,485,248,513,222,538,191,520,250,504,252,464,217,494,181,484,248,467,244,420,223,443,187,448,252,431,254,375,232,403,215,410,258,394,259
409,387,473,362,539,293,531,241,482,247,512,222,537,192,518,250,503,252,463,216,493,181,483,248,466,244,418,223,442,186,446,253,430,254,373,231,403,213,409,257,392,259
409,387,472,360,538,290,531,238,483,247,512,215,537,189,517,249,500,248,460,211,494,177,482,245,464,240,415,219,441,185,446,252,428,253,371,228,402,214,408,257,391,257
407,386,470,359,536,289,530,237,483,245,510,214,535,187,516,247,498,243,457,210,492,175,482,244,463,236,413,219,439,183,446,250,428,249,369,227,400,213,408,255,390,256
406,384,470,357,537,288,531,235,484,241,508,213,533,184,515,244,497,242,457,209,491,173,481,241,463,235,413,218,438,181,445,247,427,248,369,226,400,209,407,252,390,254
405,382,469,357,537,285,531,229,482,239,507,211,534,183,515,242,497,240,457,206,491,171,481,240,462,234,413,214,439,179,445,246,428,247,368,223,400,206,408,250,391,253
405,379,468,354,535,283,529,228,480,234,504,205,532,176,514,237,496,236,456,202,490,167,480,237,460,231,412,210,438,175,444,244,426,245,367,220,398,203,406,247,389,250
402,375,467,351,535,279,527,222,475,229,504,205,531,173,513,232,495,235,457,201,487,164,476,232,458,228,413,207,436,172,440,238,424,240,367,216,397,197,403,242,388,245
401,372,464,347,533,275,526,219,473,224,501,199,528,168,510,225,492,229,454,195,484,161,473,229,455,224,410,201,434,167,437,235,421,236,366,212,395,195,401,240,384,242
396,368,459,343,524,272,517,215,466,218,493,196,518,160,501,218,484,223,447,193,473,156,464,222,446,220,403,199,426,162,430,228,415,231,360,209,388,189,394,232,379,236
397,367,460,341,524,270,515,215,465,218,492,194,517,160,501,218,483,222,446,191,473,155,465,221,448,216,403,198,425,161,430,227,415,229,358,209,386,188,393,231,379,235
397,365,460,340,524,268,514,213,464,219,494,194,519,160,502,219,486,222,448,191,474,154,466,220,449,216,405,198,426,161,431,226,417,229,360,208,387,186,394,229,380,234
400,365,463,338,529,268,520,214,469,219,499,193,524,161,506,219,490,220,452,190,480,153,470,220,454,214,408,197,430,160,434,225,420,226,364,206,392,186,398,229,383,233
403,365,468,339,537,270,529,214,478,219,504,193,530,160,513,219,498,222,457,190,486,154,477,221,461,217,413,197,436,161,441,227,427,228,369,208,398,186,405,230,390,235
408,365,473,340,544,274,539,219,486,222,511,196,538,163,518,221,504,224,464,192,494,155,482,222,467,217,420,197,444,162,446,225,433,226,376,207,405,187,410,230,395,234
418,365,482,337,554,271,548,217,496,221,514,191,547,162,528,219,511,221,469,189,505,155,493,221,475,217,426,196,455,160,455,226,440,226,382,207,416,186,420,230,403,235
259,264,293,245,315,205,295,173,264,176,303,172,301,143,296,174,296,186,280,172,274,145,275,178,277,187,257,176,249,147,255,178,259,189,234,183,232,163,238,182,241,193
249,261,281,248,300,206,281,175,252,179,290,176,285,150,282,179,285,190,268,176,260,151,263,183,266,193,247,181,238,154,244,185,249,196,225,186,222,170,228,190,232,199
249,262,281,248,300,206,280,176,251,180,290,176,285,150,282,179,285,190,268,176,260,151,263,183,266,193,247,181,237,154,244,184,249,196,225,187,222,170,228,189,232,199
248,263,280,248,298,207,278,177,249,181,290,177,284,151,281,179,284,190,267,178,260,152,262,184,265,194,246,182,237,155,244,185,248,197,225,188,222,170,228,190,231,200
247,263,278,248,297,206,278,177,248,181,289,176,284,151,281,179,283,191,266,176,259,152,261,184,265,192,246,181,236,156,243,185,248,196,224,187,221,170,227,189,230,198
246,262,277,246,296,205,277,175,249,179,287,175,281,150,279,179,282,190,265,176,257,151,260,183,263,192,245,180,235,155,242,184,246,195,224,186,220,169,226,188,229,198
246,261,277,246,295,203,276,173,248,179,286,174,279,148,278,177,281,189,264,175,255,150,259,182,262,192,244,179,233,155,242,184,246,195,223,186,219,168,226,188,229,197
245,261,277,246,294,204,275,174,246,179,285,173,279,147,278,177,281,188,263,174,255,150,259,182,262,190,243,179,233,154,241,184,246,194,222,186,218,168,225,187,228,197
245,262,276,246,294,204,273,175,245,181,284,174,279,149,278,178,280,189,262,176,255,151,258,182,261,191,242,180,233,155,240,183,244,194,221,187,217,168,224,186,227,196
246,262,276,247,293,204,274,176,245,182,284,175,279,149,277,178,279,189,263,176,255,152,258,183,261,191,242,181,232,156,240,185,245,195,221,187,218,171,224,189,227,198
246,262,276,246,294,204,274,176,246,182,284,175,279,150,277,178,280,189,263,176,255,152,258,183,261,191,243,180,233,156,241,185,245,195,222,187,218,171,225,189,228,198
247,259,277,245,295,204,278,174,251,177,285,174,279,149,278,176,281,188,264,175,257,151,260,182,263,192,244,179,235,156,242,184,247,196,223,185,220,169,226,188,229,198
247,258,277,246,295,203,279,172,252,176,286,173,281,148,278,175,280,187,265,174,257,150,260,181,262,191,245,178,236,155,242,184,247,195,225,184,221,168,227,187,230,197
248,260,279,244,297,202,279,173,250,178,287,173,282,148,280,176,282,187,266,174,259,150,261,180,263,189,246,178,237,154,244,183,247,193,225,184,222,168,228,186,230,195
250,259,279,243,298,203,280,174,253,177,288,174,284,148,281,176,283,188,267,175,260,151,262,181,265,190,247,179,238,154,244,183,248,194,226,185,223,168,229,187,231,196
250,259,280,243,298,203,280,174,253,177,288,174,284,149,281,176,282,188,267,175,260,151,262,181,265,189,247,179,239,155,245,183,249,193,227,185,224,168,229,187,232,196
250,258,281,243,299,202,282,173,255,177,289,173,284,148,281,175,283,188,268,174,261,150,262,180,266,190,248,178,239,155,245,183,250,194,228,184,225,168,230,188,234,197
251,257,281,241,299,201,282,172,255,176,290,172,285,147,282,174,284,186,269,173,262,149,264,179,267,188,249,177,241,153,247,181,251,191,229,183,226,167,231,185,234,195
251,256,281,241,299,200,282,171,255,176,290,172,285,146,282,174,285,186,269,173,262,149,264,179,267,188,249,177,241,153,246,181,251,192,229,183,226,166,231,186,234,195
251,256,282,240,300,200,283,171,256,176,290,172,286,146,283,174,285,185,269,173,263,148,264,179,267,187,249,177,241,152,247,181,251,191,229,183,226,166,231,185,234,194
252,257,281,239,299,200,280,173,253,178,290,172,286,147,283,174,284,186,269,173,262,149,264,179,267,187,249,177,240,152,247,180,251,190,228,184,225,167,232,185,235,194
252,257,282,240,299,201,280,173,253,178,290,173,286,147,284,175,285,186,268,174,263,150,265,180,267,188,249,179,241,154,247,182,252,191,228,185,226,168,232,187,234,195
251,257,281,240,298,201,280,173,253,177,289,173,286,147,283,175,285,186,268,174,263,150,264,180,267,188,249,179,241,154,247,182,251,192,228,185,226,168,232,186,234,195
251,257,280,240,298,200,280,172,253,177,289,172,285,147,283,175,285,186,268,173,262,149,264,179,267,188,249,178,240,154,247,181,251,191,228,185,225,168,231,186,234,195
251,257,279,240,297,200,280,172,253,177,288,172,284,147,283,175,284,186,268,173,261,150,264,179,266,187,248,178,240,154,247,182,251,191,228,184,225,168,231,186,234,195
250,258,279,239,296,202,278,175,252,177,287,174,284,148,281,176,283,187,266,176,261,151,262,181,265,189,246,180,239,155,245,183,249,193,226,187,223,169,229,187,232,196
251,260,280,241,297,205,278,178,253,181,286,176,282,152,280,179,281,190,265,178,260,154,262,184,264,194,246,183,238,158,245,186,249,198,227,191,224,173,230,191,233,201
251,260,280,243,298,205,281,178,256,181,287,177,283,152,282,180,283,190,266,178,261,155,263,184,265,193,247,183,239,158,246,186,250,197,227,190,224,173,231,191,234,200
252,259,281,242,299,205,284,178,259,180,286,176,284,152,282,179,282,190,266,177,262,155,264,185,265,191,247,182,241,159,248,187,250,196,227,189,226,173,232,191,234,199
253,257,281,241,300,204,287,175,262,175,286,174,285,150,284,177,284,188,267,174,263,153,266,182,267,189,248,179,243,156,250,185,252,194,228,186,227,171,234,190,235,198
253,257,281,240,301,203,286,175,261,177,287,173,285,150,284,177,284,187,267,174,263,152,266,182,267,190,248,179,243,156,249,185,252,195,228,186,227,170,234,189,236,198
257,257,285,240,303,204,288,177,264,176,290,175,288,152,286,178,286,188,270,176,266,154,268,182,269,188,251,180,245,157,251,185,254,194,231,187,230,172,236,190,238,197
258,257,285,241,304,206,290,179,266,178,291,177,291,153,288,180,288,188,271,177,269,155,270,183,270,188,252,181,248,158,253,185,256,192,232,188,232,172,237,189,239,196
258,258,285,241,305,205,291,179,266,178,291,176,291,153,288,180,288,188,272,176,269,155,270,184,271,188,253,180,249,158,254,186,257,192,233,186,233,172,238,190,240,196
258,256,286,239,305,203,291,175,267,174,291,174,292,150,290,176,289,187,272,174,270,152,272,181,272,188,253,178,249,156,256,183,257,192,233,185,234,169,240,187,242,195
259,256,287,239,306,202,294,174,269,173,292,173,292,149,290,176,289,186,272,173,271,150,272,180,273,187,254,177,250,154,256,183,258,192,233,184,234,168,240,186,242,194
259,256,288,239,307,202,294,174,269,174,292,173,292,149,290,176,290,186,273,173,271,150,272,180,273,187,254,178,250,154,256,183,258,192,233,184,234,168,240,187,242,195
260,257,289,240,307,204,293,177,269,177,294,175,294,151,291,178,290,187,274,175,272,152,273,181,273,187,254,179,251,155,257,183,259,192,234,185,235,169,240,186,242,194
260,257,289,240,307,204,293,176,269,177,293,175,293,151,291,177,290,187,273,175,272,152,273,181,274,187,254,179,251,155,257,183,259,192,234,185,235,169,241,187,242,194
260,257,289,240,308,204,293,177,269,177,293,175,294,151,292,177,291,187,273,175,272,152,273,181,274,187,254,179,251,155,257,183,259,191,234,185,235,169,241,187,242,194
260,257,289,240,307,203,293,176,268,176,293,175,294,151,291,177,290,187,273,175,272,152,273,181,274,187,254,179,251,155,257,183,259,191,234,185,235,169,241,187,242,195
260,256,290,239,309,202,295,174,270,172,294,173,293,148,292,175,291,186,274,173,271,149,273,180,274,187,255,178,250,153,257,183,259,193,234,184,234,167,240,187,242,195
260,257,290,240,309,204,294,176,269,176,294,175,295,150,292,177,291,186,274,175,273,151,274,181,274,187,255,179,252,154,257,183,259,192,234,185,235,168,241,187,242,195
261,257,290,240,309,203,294,174,269,176,294,175,295,150,292,177,291,187,274,174,273,151,274,181,274,188,255,179,252,154,258,183,259,192,234,185,236,168,242,187,243,195
261,257,290,240,309,203,296,174,271,174,294,174,295,149,293,176,292,187,274,174,273,151,275,181,275,188,255,179,252,154,258,184,259,193,235,185,236,168,242,187,243,196
260,256,290,240,309,203,297,173,272,172,294,174,296,148,293,175,292,186,274,173,273,149,275,179,275,187,255,177,252,153,258,182,259,192,235,183,236,166,242,185,243,194
260,256,290,240,309,202,297,173,272,172,295,173,296,148,293,175,292,186,275,173,274,149,275,179,275,187,256,177,252,152,258,182,259,193,235,183,236,165,242,185,243,194
261,257,290,240,310,204,296,175,272,175,296,174,296,150,294,177,293,187,275,174,274,151,276,181,276,188,256,179,253,154,259,183,260,193,235,185,236,167,242,186,243,195
262,257,291,240,310,205,297,177,273,176,295,177,297,151,294,178,293,188,275,177,275,152,276,182,275,188,256,180,254,155,259,183,260,193,235,186,237,168,242,187,243,195
262,257,291,240,310,204,298,177,273,175,296,176,296,151,294,178,293,188,276,176,275,152,276,182,275,189,256,180,254,155,259,184,260,194,235,186,237,168,243,188,243,196
262,257,292,241,311,205,298,177,274,176,297,177,298,152,295,179,294,189,277,176,276,153,277,183,277,189,257,181,255,156,261,185,261,194,236,186,239,169,244,188,244,196
263,259,292,243,312,208,299,180,274,178,297,179,300,154,296,181,294,190,277,179,278,155,278,185,277,191,258,183,256,157,262,186,262,196,237,189,239,171,245,190,245,198
263,260,293,244,312,208,299,180,275,180,298,180,299,155,296,182,295,192,278,180,278,155,279,185,277,192,258,184,257,158,262,187,262,197,237,189,240,171,245,190,245,199
263,260,294,244,312,208,300,179,276,179,297,180,299,155,297,182,295,192,277,180,278,156,279,186,277,193,258,184,257,158,262,187,262,198,237,189,240,171,246,190,246,199
263,259,293,244,313,208,300,179,276,179,297,180,300,155,297,182,295,192,277,180,278,156,279,186,277,193,258,184,257,158,262,187,262,198,237,189,240,171,246,190,246,199
263,258,293,243,312,207,301,178,277,177,297,179,300,153,298,180,295,191,278,178,278,154,280,185,278,192,259,182,257,157,263,187,263,197,238,187,241,169,246,189,246,198
263,258,293,243,313,207,301,178,277,176,298,178,300,153,298,180,296,190,278,178,278,154,280,184,278,192,259,182,257,157,263,187,263,197,238,187,241,169,247,189,247,198
265,259,295,243,314,208,302,180,279,178,299,179,301,155,298,181,296,191,280,179,280,155,281,185,279,191,260,183,259,158,264,186,264,195,240,188,242,171,248,189,248,197
265,257,294,242,314,206,303,178,279,177,299,178,302,154,299,181,297,191,280,177,281,154,281,184,280,191,261,181,260,157,265,186,265,195,240,186,244,170,249,189,248,196
265,257,294,241,313,206,303,178,280,177,299,178,302,154,299,180,297,190,280,177,281,154,282,184,280,191,261,181,260,157,265,186,265,195,240,186,244,169,249,189,249,197
265,258,294,242,313,207,302,180,278,178,300,179,302,155,299,181,297,191,280,178,281,155,281,185,280,191,261,182,260,158,265,186,265,195,241,187,244,170,249,189,249,197
265,258,294,242,313,207,302,180,279,178,299,179,302,155,299,181,296,191,280,178,281,156,281,185,279,191,261,181,260,158,264,186,264,195,240,186,244,170,249,189,248,197
265,258,293,241,312,208,300,181,277,180,299,180,301,156,298,183,296,192,280,180,280,157,280,186,279,191,261,183,259,159,264,187,265,196,241,189,243,172,248,190,248,198
264,258,292,241,311,208,300,181,277,180,298,181,300,157,297,183,295,192,279,180,279,157,280,186,278,192,261,183,259,159,264,187,264,195,240,189,243,172,248,190,248,198
263,258,291,241,309,207,298,181,275,180,296,181,299,157,296,182,294,191,277,180,278,157,278,185,277,191,259,183,257,160,263,187,263,194,240,189,241,172,247,189,248,197
264,258,291,242,309,208,298,182,275,180,296,182,298,158,295,183,294,192,278,181,277,159,278,187,277,192,259,185,257,161,262,188,263,196,240,190,241,173,246,191,247,198
264,257,291,241,309,208,298,181,275,180,296,181,298,158,295,183,293,192,277,181,277,158,278,186,277,192,259,184,257,161,262,188,263,196,240,190,241,173,246,191,247,198
263,257,291,241,309,208,298,181,275,180,296,182,298,158,295,183,294,193,278,181,278,158,278,186,277,192,259,184,257,161,262,188,263,196,240,189,241,173,246,191,247,198
262,255,291,241,309,208,300,180,277,178,296,180,298,157,296,182,294,192,278,179,278,157,279,185,278,193,260,182,258,160,263,187,263,197,241,187,243,170,248,189,248,197
263,256,291,240,310,207,300,179,277,178,296,180,298,157,296,182,294,192,278,180,278,156,279,185,278,193,260,182,258,159,263,187,263,197,240,187,243,170,248,188,248,197
263,255,292,240,310,207,300,179,277,178,296,180,299,157,296,181,294,192,278,179,278,156,279,185,278,193,260,182,258,159,263,187,263,197,241,187,243,170,248,188,248,197
264,254,293,239,310,206,300,179,278,178,297,180,299,157,297,181,295,192,279,180,279,157,280,184,279,192,261,183,260,159,264,186,264,196,242,188,244,171,249,188,249,197
265,254,293,239,311,206,300,179,278,178,298,180,300,156,297,181,295,191,279,180,279,157,280,185,279,193,262,183,260,159,265,186,265,196,242,188,244,171,249,189,250,197
265,254,293,238,311,205,301,179,279,177,298,179,300,156,297,181,295,191,280,179,280,156,280,184,279,192,262,182,261,159,265,186,265,196,243,187,245,170,250,188,250,197
266,253,294,238,311,204,301,178,280,177,298,178,300,156,298,180,295,190,280,178,280,156,281,183,279,191,262,181,261,159,265,186,265,195,243,186,245,170,250,188,250,196
266,253,294,238,312,204,301,178,279,177,298,178,301,156,298,180,296,190,280,178,281,155,281,183,279,191,262,181,261,158,266,186,265,195,243,186,246,170,251,188,251,196
266,253,294,238,312,205,301,179,280,177,299,179,301,157,298,181,297,190,281,179,282,157,282,184,280,191,263,182,262,159,266,186,267,195,244,187,246,171,251,188,251,196
266,253,294,238,312,205,302,178,279,177,299,179,301,157,298,181,296,191,281,179,281,157,281,185,280,191,263,182,262,159,266,186,267,195,244,187,246,171,251,188,252,196
266,253,294,238,311,205,302,179,280,177,298,180,301,157,298,181,296,191,280,179,281,157,281,185,280,192,263,182,262,159,266,186,267,196,244,187,246,170,251,188,252,196
266,253,294,238,311,205,301,178,279,177,298,179,301,157,298,181,296,190,280,179,281,156,281,184,280,191,263,182,262,159,266,186,266,195,244,187,246,170,251,188,251,196
266,252,294,238,311,204,301,178,279,177,298,179,301,157,298,181,296,191,280,179,281,156,281,184,280,191,263,182,262,159,266,186,266,196,244,186,246,170,251,188,251,196
266,251,293,237,310,205,299,178,277,177,297,181,300,157,297,181,295,191,279,180,279,157,280,184,280,191,262,182,260,160,265,186,266,195,244,187,245,171,251,188,251,196
266,251,293,237,309,204,299,177,277,177,297,180,299,157,296,181,295,190,279,179,279,157,280,184,279,191,262,182,260,159,265,186,265,195,243,187,245,171,250,188,251,196
265,251,292,237,309,204,299,177,277,177,297,180,299,157,296,181,295,190,279,179,279,157,280,184,279,191,262,182,260,159,265,186,265,195,243,187,245,171,250,188,250,196
266,252,293,237,309,205,299,179,278,177,297,181,298,158,296,182,295,191,279,180,279,158,280,185,279,192,262,183,260,160,265,186,265,196,243,188,245,171,250,188,250,197
266,252,293,237,309,205,299,179,278,177,297,181,298,158,296,182,295,192,279,180,279,158,280,185,279,192,262,183,260,160,265,187,265,196,243,188,245,172,250,189,251,197
266,252,293,237,309,205,299,178,277,177,297,180,298,158,296,182,295,191,279,180,279,158,280,185,279,192,262,183,260,160,265,187,265,196,243,188,245,171,250,189,251,197
266,249,294,236,310,204,300,177,279,175,298,179,300,156,297,179,296,191,280,179,280,156,281,183,280,192,263,181,261,158,266,185,266,196,244,186,246,169,251,186,252,195
265,249,293,236,311,203,301,177,279,175,298,179,300,156,297,179,296,190,280,178,280,155,281,182,280,191,263,181,261,158,266,184,266,195,244,185,247,169,251,186,251,195
266,249,293,235,310,203,301,176,279,174,298,179,300,155,297,179,296,190,280,178,280,155,281,182,280,191,263,180,262,158,266,184,266,195,244,185,247,169,251,186,251,195
266,249,294,235,311,203,301,176,280,174,298,178,300,156,297,179,296,190,280,178,280,155,281,182,280,191,263,180,262,158,266,184,266,195,244,185,247,169,252,186,252,195
266,249,293,236,311,203,301,176,279,174,298,178,300,156,297,179,296,190,280,178,280,155,281,182,280,191,263,180,262,158,266,184,266,195,244,185,247,169,252,186,252,195
266,248,293,235,310,202,301,176,279,174,298,178,300,155,298,179,296,189,280,177,281,154,281,182,280,191,263,180,262,157,266,184,266,195,244,185,247,168,252,186,251,195
266,248,293,233,310,202,300,175,278,173,298,178,300,154,297,177,296,188,280,177,280,154,281,181,280,190,263,180,261,156,266,182,266,194,244,185,246,167,252,185,252,194
266,248,293,233,310,202,300,175,279,172,298,178,300,155,297,177,295,188,280,177,280,154,281,180,280,190,263,180,261,156,266,182,266,193,245,184,246,167,251,184,252,194
266,248,293,234,310,202,300,176,279,173,298,178,300,155,297,178,296,188,280,177,281,154,281,181,280,190,263,180,261,157,266,183,266,194,245,184,246,167,251,185,252,194
266,248,293,234,310,203,300,177,280,174,299,179,300,156,297,179,296,189,281,178,281,156,281,182,280,190,263,181,262,158,266,184,267,194,245,186,247,169,252,186,252,194
266,248,293,234,310,203,300,177,280,174,298,179,300,156,297,179,296,190,280,179,281,156,281,183,280,191,263,181,262,158,266,184,267,195,245,186,247,169,252,186,252,195
266,248,293,234,310,203,301,177,280,175,298,179,300,157,297,179,296,190,280,179,281,156,281,182,280,191,263,181,262,158,266,184,267,195,245,186,247,169,252,186,252,195
266,248,294,233,310,202,301,176,280,175,298,179,300,156,297,179,296,190,280,178,281,155,281,182,280,191,263,181,262,158,266,183,267,195,245,186,247,169,252,186,253,195
266,247,294,233,311,202,301,176,280,175,298,179,300,157,298,179,296,190,281,178,281,155,282,181,281,191,264,181,262,158,267,183,267,194,245,186,248,169,253,186,253,194
268,247,295,233,311,202,301,177,281,175,300,179,300,157,298,179,298,189,282,178,282,156,283,182,282,190,266,181,263,158,268,183,269,193,248,186,248,169,254,186,255,194
268,247,295,233,312,202,302,177,281,174,301,179,301,157,299,180,298,189,283,179,283,156,283,182,283,190,266,182,264,158,268,184,269,194,248,186,249,170,254,186,255,194
269,247,295,232,312,202,303,177,282,175,300,179,302,157,300,180,298,189,283,178,284,156,284,183,283,190,266,181,265,158,269,184,269,193,248,186,250,169,255,186,255,194
269,246,296,232,312,202,303,177,282,175,301,178,302,157,300,180,299,189,283,178,284,156,284,182,283,189,266,180,265,158,270,183,270,193,248,185,251,169,255,186,255,193
270,245,296,231,313,201,303,176,282,175,301,177,303,156,300,179,299,188,284,177,284,155,285,182,284,189,267,180,266,158,270,183,270,193,249,185,251,169,256,186,256,193
270,245,297,231,314,200,304,175,283,174,302,177,303,157,300,179,300,188,285,176,285,155,285,181,284,189,268,179,266,157,270,183,271,192,250,184,252,168,256,185,256,193
271,245,298,231,315,200,304,175,283,174,303,177,304,156,302,179,301,188,285,176,285,155,286,181,285,188,269,179,267,157,271,183,271,192,250,183,252,168,257,185,257,192
272,245,299,231,315,200,304,175,284,174,303,177,305,156,302,179,301,188,286,176,286,155,286,181,286,188,269,179,268,157,272,182,272,191,251,183,253,168,257,184,258,192
273,244,299,230,316,200,305,175,285,174,304,176,305,156,303,178,302,187,286,175,287,155,287,180,286,187,270,178,268,157,272,182,273,191,252,183,254,168,258,184,258,191
273,244,299,229,316,199,305,174,285,174,304,176,306,155,303,178,302,187,287,175,287,154,287,180,286,188,270,178,269,156,273,181,273,191,252,183,254,167,259,184,259,192
273,243,300,229,316,199,306,174,285,173,304,176,307,155,304,177,302,187,287,175,288,154,288,180,286,187,270,178,269,156,273,181,273,191,252,183,255,167,259,184,259,191
274,243,300,228,317,199,306,174,286,173,305,176,307,155,304,177,303,186,288,175,288,154,288,179,287,187,271,178,270,156,274,181,274,191,253,183,255,167,259,183,259,191
274,243,300,229,317,199,307,174,286,173,305,176,307,155,305,177,303,186,288,175,288,154,288,180,288,187,271,178,270,156,274,181,274,190,253,183,255,167,260,183,259,191
274,243,300,229,317,199,307,174,286,172,305,176,307,155,305,178,303,186,288,175,289,154,289,180,288,187,271,178,270,156,274,181,274,191,253,183,256,167,260,183,260,191
274,243,301,230,317,200,307,175,287,173,305,176,308,155,305,178,304,186,288,175,289,154,289,180,288,187,271,178,270,156,275,182,275,191,253,183,256,167,260,184,260,192
274,243,301,230,317,200,307,175,287,172,305,176,308,155,305,178,304,186,288,175,289,154,289,180,288,188,272,178,270,156,275,182,275,191,253,183,256,167,260,184,260,192
274,243,301,230,317,199,307,174,287,173,306,176,308,155,305,178,304,187,288,176,289,154,289,180,288,188,272,178,270,156,275,182,275,191,253,183,256,167,260,184,260,192
274,243,301,230,317,199,308,174,287,173,306,176,308,155,305,178,304,187,288,175,288,154,289,180,288,188,271,178,270,156,275,182,275,191,253,183,256,167,260,184,260,192
274,243,301,230,317,199,308,174,287,173,306,176,308,155,305,178,304,187,288,175,289,154,289,180,288,188,271,178,270,156,275,182,275,191,253,183,256,167,260,184,260,192
274,243,301,230,317,199,307,174,287,173,306,176,308,155,305,178,304,187,288,175,289,154,289,180,288,188,271,178,270,156,275,182,275,191,253,183,256,167,260,184,260,192
274,244,301,230,317,199,308,174,287,173,306,176,308,155,305,178,304,187,288,175,288,154,289,180,288,188,271,178,270,155,275,182,275,191,253,183,256,167,260,183,260,192
274,244,301,230,317,199,308,174,287,173,306,176,308,155,305,177,304,187,288,175,289,154,289,180,288,188,271,178,270,155,275,182,275,191,253,183,256,166,260,184,260,192
274,244,301,230,317,199,308,174,287,173,306,176,308,154,305,177,304,187,288,175,288,153,289,180,288,188,271,178,270,155,275,182,275,191,253,183,255,166,260,183,260,192
274,243,301,230,318,199,308,174,287,172,306,176,308,153,306,177,304,186,288,175,289,153,289,180,289,188,271,178,270,155,275,181,275,191,253,182,255,166,260,183,260,192
274,243,301,230,318,199,308,174,287,172,306,176,308,154,305,176,304,186,288,175,289,152,289,179,288,187,271,177,270,155,275,181,274,191,253,182,256,165,260,183,260,191
274,243,302,229,318,198,308,173,288,172,306,175,308,153,306,176,304,186,289,174,289,152,290,178,288,188,271,177,271,154,275,180,274,191,253,182,256,165,261,182,260,191
274,242,302,229,319,198,309,172,288,171,307,175,309,153,306,175,304,186,289,174,290,151,290,177,289,187,272,176,271,153,276,179,275,190,254,181,256,164,261,181,261,190
274,242,302,229,319,198,309,172,288,171,307,175,309,153,306,175,304,185,289,174,290,151,290,177,289,186,272,176,272,154,276,179,275,190,254,181,257,165,261,181,261,190
274,242,302,229,319,198,309,172,288,172,307,175,309,153,306,175,304,185,289,174,290,151,290,177,289,187,272,176,271,153,276,179,275,190,253,181,257,164,261,181,261,190
274,243,302,229,319,198,309,173,288,171,307,175,309,153,307,176,305,185,289,174,290,151,291,177,289,186,272,176,272,154,276,180,275,190,254,181,257,165,261,182,261,190
274,243,302,229,319,198,308,173,288,171,306,176,308,154,306,176,304,186,289,175,290,152,290,179,289,187,272,178,271,154,276,180,275,191,253,183,256,165,261,182,261,191
275,244,302,229,318,199,309,174,288,171,306,176,308,154,306,177,305,187,289,175,290,153,290,179,289,188,272,178,271,154,276,180,275,191,253,183,256,165,261,182,261,191
274,244,302,229,318,199,309,174,288,171,306,176,308,154,306,177,304,187,289,175,289,153,290,179,289,188,272,178,271,154,276,180,275,192,253,183,256,165,261,182,261,191
274,244,302,229,318,199,309,174,288,171,306,176,308,154,306,177,304,187,289,175,289,153,290,179,289,188,272,178,271,154,276,180,275,192,253,183,256,165,261,182,261,191
274,244,302,229,318,199,309,174,288,171,306,176,308,154,306,177,304,187,289,175,289,153,290,179,289,188,272,178,271,154,276,180,275,192,254,183,256,165,261,182,261,191
274,244,302,230,318,200,309,174,288,171,307,177,308,154,306,177,305,187,289,176,290,153,291,179,289,189,272,178,272,154,276,181,276,192,254,183,257,165,261,182,261,191
274,244,302,230,319,200,309,174,288,171,307,177,308,154,306,177,305,187,289,176,290,153,291,179,289,188,272,179,272,155,276,181,276,192,254,183,257,165,261,182,261,191
274,244,302,230,319,200,309,174,288,172,307,177,308,154,306,177,305,187,289,176,290,153,291,180,289,188,273,179,272,155,276,181,276,192,254,183,257,166,262,183,262,192
274,244,302,230,318,200,309,174,288,172,307,177,308,155,306,177,305,187,289,176,290,153,291,180,289,188,273,179,272,155,276,181,276,192,254,183,257,166,262,183,262,192
274,244,302,230,318,200,309,174,289,172,306,177,308,155,306,178,304,187,289,176,290,154,290,180,289,189,272,179,272,155,276,181,276,192,254,183,257,166,262,183,262,192
274,244,302,230,318,200,309,174,288,172,306,177,308,155,306,178,304,187,289,176,290,154,290,180,289,189,272,179,271,155,276,181,276,192,254,183,257,166,261,183,262,192
274,244,301,230,318,200,308,175,288,172,306,177,308,155,306,178,304,187,289,176,289,154,290,180,289,189,272,179,271,155,275,181,275,192,254,183,256,166,261,183,261,192
274,244,301,230,317,200,308,175,288,172,305,177,308,156,305,178,303,188,288,176,289,154,289,181,288,189,272,179,271,156,275,182,275,193,254,184,256,167,260,183,261,192
293,249,325,235,344,202,336,173,313,170,330,175,334,150,332,175,328,187,311,174,314,149,314,178,311,188,293,176,294,150,298,179,296,192,272,181,278,162,282,181,281,190
321,248,352,233,375,200,367,172,343,171,359,174,367,151,363,177,359,187,341,170,347,148,345,177,340,184,323,172,327,148,329,177,325,186,301,176,309,159,312,179,309,187
325,246,356,233,379,199,370,171,346,169,363,170,371,148,367,174,362,184,344,168,351,145,349,174,344,182,325,170,330,145,333,175,329,185,304,174,312,157,315,177,312,186
327,245,358,231,382,198,374,168,349,167,365,169,373,146,369,172,364,183,347,167,353,143,351,173,347,181,328,169,333,144,335,174,331,185,306,173,315,155,318,175,315,185
330,245,360,231,382,198,374,169,350,166,365,169,372,145,369,172,364,182,347,168,353,143,352,173,347,182,328,170,333,143,336,174,332,185,306,175,315,155,319,175,315,185
335,245,366,231,389,198,380,168,356,166,372,169,379,144,376,171,372,181,353,168,359,142,359,173,354,180,334,170,339,143,342,173,338,184,313,174,321,154,325,174,322,184
336,244,367,231,390,198,382,167,358,165,373,167,381,143,377,170,373,180,354,166,361,141,360,172,355,180,335,168,340,141,344,172,339,183,313,173,323,153,327,173,323,183
336,245,367,230,390,198,382,168,359,165,373,168,381,143,377,170,372,181,354,167,361,141,360,172,355,180,335,169,340,141,344,172,339,183,313,173,322,152,327,173,323,183
336,245,367,230,390,198,382,168,358,165,373,168,381,143,377,170,372,181,354,167,361,141,360,172,354,180,335,169,340,141,344,172,339,183,313,173,322,152,327,173,323,183
335,245,367,231,389,198,380,168,356,167,375,169,380,144,376,171,373,181,355,167,360,141,359,172,355,180,336,169,339,141,342,172,339,183,314,173,321,154,324,174,322,184
335,246,366,231,388,198,380,169,356,166,374,168,378,143,375,171,372,180,354,166,358,141,358,173,354,180,335,169,337,142,342,173,339,182,313,173,320,154,324,175,321,183
311,245,342,231,363,199,355,171,332,168,350,172,355,149,351,174,347,185,332,170,336,146,334,176,331,184,314,171,316,147,318,176,316,187,294,175,299,158,302,178,300,187
313,246,339,233,357,203,348,178,327,175,347,179,348,157,345,180,344,189,330,178,330,157,329,183,329,190,313,180,312,158,315,184,315,193,295,184,297,168,300,185,300,193
312,245,339,233,356,203,348,177,328,175,347,179,349,157,345,180,344,190,330,178,331,157,330,183,329,190,314,180,313,158,315,184,315,193,295,184,297,168,300,185,300,193
314,246,341,233,358,203,349,178,329,175,348,179,350,158,346,181,345,190,331,178,332,157,331,183,330,190,315,180,314,158,317,184,317,193,296,184,299,169,302,186,302,194
314,246,342,233,359,203,351,178,332,174,349,180,352,158,349,180,347,191,333,179,334,157,333,182,332,191,316,181,316,158,319,183,318,194,298,184,301,167,305,184,304,193
315,247,342,233,360,203,353,178,332,174,349,180,353,158,349,181,347,190,333,178,335,157,334,183,332,190,316,180,317,158,319,184,319,194,298,184,302,167,305,185,304,193
316,247,343,234,361,204,353,179,332,176,351,181,354,160,350,183,348,192,334,180,336,159,335,184,333,191,317,182,318,159,320,185,320,194,299,186,303,170,305,187,305,195
316,248,343,234,360,205,352,180,332,178,350,183,353,161,349,184,348,193,334,182,336,160,334,186,333,193,317,184,318,161,320,186,320,196,299,187,303,170,305,187,305,195
316,248,343,234,360,205,353,180,333,177,350,184,353,161,349,184,348,194,334,182,336,160,334,186,333,193,318,184,318,161,320,186,319,196,300,187,303,171,306,187,305,196
316,248,343,234,360,205,353,181,333,177,350,183,353,162,349,184,347,193,334,182,336,160,334,185,333,193,318,184,318,161,320,186,320,196,300,187,303,171,306,187,306,196
316,247,343,234,360,205,352,180,333,177,351,183,354,161,349,183,347,193,334,182,336,160,334,185,333,193,318,184,318,161,320,186,320,196,300,187,304,170,306,187,306,196
317,247,344,233,361,204,353,180,333,178,351,183,354,161,350,184,348,193,335,182,336,160,334,186,333,193,318,184,319,161,320,187,320,196,300,187,304,171,306,188,306,196
319,248,346,234,362,206,353,183,334,180,352,185,354,163,351,185,350,195,336,184,337,162,337,187,335,195,319,186,319,163,322,188,322,198,301,190,304,173,308,190,307,198
319,248,346,235,362,207,353,182,334,179,352,185,354,164,351,186,350,195,336,185,337,163,336,188,335,195,320,187,319,164,322,188,322,198,302,190,305,174,308,190,308,198
319,249,345,235,362,206,353,182,334,179,352,186,355,164,351,186,350,195,336,185,337,163,337,188,335,195,320,187,320,164,323,188,323,198,302,190,305,174,309,190,308,198
319,247,346,234,363,206,354,182,335,179,353,185,355,163,352,184,351,195,337,184,338,162,337,187,337,195,321,186,320,163,323,187,323,198,304,189,306,173,310,189,310,197
320,248,347,234,363,205,355,182,336,179,354,185,356,163,352,184,350,195,338,184,339,162,338,186,337,196,322,185,321,163,324,187,324,198,304,189,307,172,310,188,310,197
298,369,324,352,341,319,327,296,303,300,329,295,330,273,327,298,326,306,311,296,310,276,311,303,310,307,293,300,291,278,296,304,296,310,274,306,277,291,281,308,282,313
301,369,327,353,343,319,329,297,306,302,331,297,332,275,329,301,328,309,313,298,313,278,313,305,312,309,296,302,294,280,298,306,299,312,278,307,280,293,284,309,284,315
302,369,327,353,343,319,329,297,306,301,331,297,332,275,329,300,328,309,313,298,313,278,313,305,312,309,296,302,294,280,298,306,299,313,278,307,280,293,284,310,284,315
303,366,328,350,344,318,332,295,310,297,332,294,333,274,331,298,330,306,315,295,314,276,315,303,314,307,298,299,296,279,300,305,301,311,279,305,282,291,286,308,286,314
305,367,329,351,345,319,331,296,309,299,333,296,334,274,331,299,330,306,315,297,315,277,315,303,314,307,298,301,296,279,300,305,301,311,280,306,282,291,287,308,286,314
305,367,329,351,345,318,331,296,309,299,333,296,334,274,331,299,330,306,315,297,315,277,315,303,314,307,298,301,296,279,301,305,301,311,280,306,282,292,287,308,287,314
305,367,329,350,345,318,333,296,311,297,333,295,334,274,332,299,330,306,315,295,315,276,316,303,315,307,299,300,297,279,302,305,302,311,281,305,283,291,288,308,288,314
305,365,329,350,345,317,334,293,312,294,333,293,334,272,331,297,330,305,315,294,315,275,316,302,315,306,299,298,297,278,301,303,302,310,281,303,283,289,288,306,288,313
305,365,330,349,345,316,333,293,311,295,333,293,333,272,331,297,330,304,315,294,315,275,316,302,315,306,299,298,297,277,302,303,302,309,281,304,283,289,288,306,288,312
305,366,330,349,346,317,332,296,309,299,333,294,334,273,332,298,331,305,316,295,315,276,316,302,315,306,299,300,297,278,301,304,302,310,281,305,282,290,287,307,287,313
305,366,329,349,345,317,332,295,309,298,333,294,334,273,332,298,331,305,316,295,315,276,316,303,315,306,299,299,297,278,302,304,302,310,281,305,283,291,288,307,287,313
305,368,330,351,345,319,332,298,309,301,333,295,334,275,332,300,331,307,315,297,315,278,317,304,314,307,298,301,297,280,302,305,301,311,280,307,282,292,287,309,287,314
305,368,330,351,345,318,332,297,309,300,333,296,334,275,332,300,331,307,315,297,315,277,316,304,315,308,299,301,297,280,302,306,302,312,281,307,283,292,288,309,287,315
305,368,330,351,346,318,332,295,310,298,333,295,333,274,331,299,330,307,316,296,315,277,316,304,315,308,299,301,296,279,301,306,302,313,281,306,282,292,288,309,288,315
